Date,Country,Category 1,Category 2,Value
2013-04-01,Egypt,Generated  Power,Total,11308.0
2013-04-01,Egypt,Power Sold,Total,31.0
2013-04-01,Egypt,Purchased Power,Boot,1194.0
2013-04-01,Egypt,Purchased Power,Industrial Companies,4.0
2013-04-01,Egypt,Purchased Power,New & Renewable ( Winds + Solar Energy ),130.0
2013-04-01,Egypt,Purchased Power,Total,1328.0
2013-04-01,Egypt,Total Generated & Purchased Power,Total,12636.0
2013-04-01,Egypt,Total Uses,Business,277.0
2013-04-01,Egypt,Total Uses,Household,4478.0
2013-04-01,Egypt,Total Uses,Industrial,3509.0
2013-04-01,Egypt,Total Uses,Other,2759.0
2013-04-01,Egypt,Total Uses,Total,11054.0
2013-05-01,Egypt,Generated  Power,Total,12812.0
2013-05-01,Egypt,Power Sold,Total,26.0
2013-05-01,Egypt,Purchased Power,Boot,1167.0
2013-05-01,Egypt,Purchased Power,Industrial Companies,5.0
2013-05-01,Egypt,Purchased Power,New & Renewable ( Winds + Solar Energy ),126.0
2013-05-01,Egypt,Purchased Power,Total,1298.0
2013-05-01,Egypt,Total Generated & Purchased Power,Total,14110.0
2013-05-01,Egypt,Total Uses,Business,299.0
2013-05-01,Egypt,Total Uses,Household,4816.0
2013-05-01,Egypt,Total Uses,Industrial,3735.0
2013-05-01,Egypt,Total Uses,Other,3238.0
2013-05-01,Egypt,Total Uses,Total,12114.0
2013-06-01,Egypt,Generated  Power,Total,13185.0
2013-06-01,Egypt,Power Sold,Total,26.0
2013-06-01,Egypt,Purchased Power,Boot,1319.0
2013-06-01,Egypt,Purchased Power,Industrial Companies,2.0
2013-06-01,Egypt,Purchased Power,New & Renewable ( Winds + Solar Energy ),164.0
2013-06-01,Egypt,Purchased Power,Total,1485.0
2013-06-01,Egypt,Total Generated & Purchased Power,Total,14670.0
2013-06-01,Egypt,Total Uses,Business,405.0
2013-06-01,Egypt,Total Uses,Household,5962.0
2013-06-01,Egypt,Total Uses,Industrial,3623.0
2013-06-01,Egypt,Total Uses,Other,2896.0
2013-06-01,Egypt,Total Uses,Total,12912.0
2013-07-01,Egypt,Generated  Power,Total,14131.0
2013-07-01,Egypt,Power Sold,Total,35.0
2013-07-01,Egypt,Purchased Power,Boot,1258.0
2013-07-01,Egypt,Purchased Power,Industrial Companies,3.0
2013-07-01,Egypt,Purchased Power,New & Renewable ( Winds + Solar Energy ),229.0
2013-07-01,Egypt,Purchased Power,Total,1490.0
2013-07-01,Egypt,Total Generated & Purchased Power,Total,15621.0
2013-07-01,Egypt,Total Uses,Business,337.0
2013-07-01,Egypt,Total Uses,Household,5113.0
2013-07-01,Egypt,Total Uses,Industrial,3653.0
2013-07-01,Egypt,Total Uses,Other,3073.0
2013-07-01,Egypt,Total Uses,Total,12211.0
2013-08-01,Egypt,Generated  Power,Total,14135.0
2013-08-01,Egypt,Power Sold,Total,40.0
2013-08-01,Egypt,Purchased Power,Boot,1234.0
2013-08-01,Egypt,Purchased Power,Industrial Companies,6.0
2013-08-01,Egypt,Purchased Power,New & Renewable ( Winds + Solar Energy ),201.0
2013-08-01,Egypt,Purchased Power,Total,1441.0
2013-08-01,Egypt,Total Generated & Purchased Power,Total,15576.0
2013-08-01,Egypt,Total Uses,Business,344.0
2013-08-01,Egypt,Total Uses,Household,5376.0
2013-08-01,Egypt,Total Uses,Industrial,3464.0
2013-08-01,Egypt,Total Uses,Other,3123.0
2013-08-01,Egypt,Total Uses,Total,12347.0
2013-09-01,Egypt,Generated  Power,Total,13283.0
2013-09-01,Egypt,Power Sold,Total,35.0
2013-09-01,Egypt,Purchased Power,Boot,1216.0
2013-09-01,Egypt,Purchased Power,Industrial Companies,8.0
2013-09-01,Egypt,Purchased Power,New & Renewable ( Winds + Solar Energy ),167.0
2013-09-01,Egypt,Purchased Power,Total,1391.0
2013-09-01,Egypt,Total Generated & Purchased Power,Total,14674.0
2013-09-01,Egypt,Total Uses,Business,376.0
2013-09-01,Egypt,Total Uses,Household,5556.0
2013-09-01,Egypt,Total Uses,Industrial,3482.0
2013-09-01,Egypt,Total Uses,Other,3100.0
2013-09-01,Egypt,Total Uses,Total,12549.0
2013-10-01,Egypt,Generated  Power,Total,12129.0
2013-10-01,Egypt,Power Sold,Total,69.0
2013-10-01,Egypt,Purchased Power,Boot,1084.0
2013-10-01,Egypt,Purchased Power,Industrial Companies,6.0
2013-10-01,Egypt,Purchased Power,New & Renewable ( Winds + Solar Energy ),171.0
2013-10-01,Egypt,Purchased Power,Total,1261.0
2013-10-01,Egypt,Total Generated & Purchased Power,Total,13390.0
2013-10-01,Egypt,Total Uses,Business,372.0
2013-10-01,Egypt,Total Uses,Household,5295.0
2013-10-01,Egypt,Total Uses,Industrial,3572.0
2013-10-01,Egypt,Total Uses,Other,2859.0
2013-10-01,Egypt,Total Uses,Total,12167.0
2013-11-01,Egypt,Generated  Power,Total,11590.0
2013-11-01,Egypt,Power Sold,Total,92.0
2013-11-01,Egypt,Purchased Power,Boot,1208.0
2013-11-01,Egypt,Purchased Power,Industrial Companies,5.0
2013-11-01,Egypt,Purchased Power,New & Renewable ( Winds + Solar Energy ),71.0
2013-11-01,Egypt,Purchased Power,Total,1284.0
2013-11-01,Egypt,Total Generated & Purchased Power,Total,12874.0
2013-11-01,Egypt,Total Uses,Business,343.0
2013-11-01,Egypt,Total Uses,Household,4902.0
2013-11-01,Egypt,Total Uses,Industrial,3515.0
2013-11-01,Egypt,Total Uses,Other,2653.0
2013-11-01,Egypt,Total Uses,Total,11505.0
2013-12-01,Egypt,Generated  Power,Total,12120.0
2013-12-01,Egypt,Power Sold,Total,66.0
2013-12-01,Egypt,Purchased Power,Boot,1201.0
2013-12-01,Egypt,Purchased Power,Industrial Companies,5.0
2013-12-01,Egypt,Purchased Power,New & Renewable ( Winds + Solar Energy ),75.0
2013-12-01,Egypt,Purchased Power,Total,1281.0
2013-12-01,Egypt,Total Generated & Purchased Power,Total,13401.0
2013-12-01,Egypt,Total Uses,Business,336.0
2013-12-01,Egypt,Total Uses,Household,5031.0
2013-12-01,Egypt,Total Uses,Industrial,3650.0
2013-12-01,Egypt,Total Uses,Other,2567.0
2013-12-01,Egypt,Total Uses,Total,11650.0
2014-01-01,Egypt,Generated  Power,Total,12297.0
2014-01-01,Egypt,Power Sold,Total,44.0
2014-01-01,Egypt,Purchased Power,Boot,900.0
2014-01-01,Egypt,Purchased Power,Industrial Companies,4.0
2014-01-01,Egypt,Purchased Power,New & Renewable ( Winds + Solar Energy ),55.0
2014-01-01,Egypt,Purchased Power,Total,959.0
2014-01-01,Egypt,Total Generated & Purchased Power,Total,13256.0
2014-01-01,Egypt,Total Uses,Business,319.0
2014-01-01,Egypt,Total Uses,Household,4874.0
2014-01-01,Egypt,Total Uses,Industrial,3579.0
2014-01-01,Egypt,Total Uses,Other,2612.0
2014-01-01,Egypt,Total Uses,Total,11428.0
2014-02-01,Egypt,Generated  Power,Total,11040.0
2014-02-01,Egypt,Power Sold,Total,78.0
2014-02-01,Egypt,Purchased Power,Boot,948.0
2014-02-01,Egypt,Purchased Power,Industrial Companies,7.0
2014-02-01,Egypt,Purchased Power,New & Renewable ( Winds + Solar Energy ),87.0
2014-02-01,Egypt,Purchased Power,Total,1042.0
2014-02-01,Egypt,Total Generated & Purchased Power,Total,12082.0
2014-02-01,Egypt,Total Uses,Business,314.0
2014-02-01,Egypt,Total Uses,Household,4693.0
2014-02-01,Egypt,Total Uses,Industrial,3377.0
2014-02-01,Egypt,Total Uses,Other,2590.0
2014-02-01,Egypt,Total Uses,Total,11052.0
2014-03-01,Egypt,Generated  Power,Total,12035.0
2014-03-01,Egypt,Power Sold,Total,68.0
2014-03-01,Egypt,Purchased Power,Boot,1043.0
2014-03-01,Egypt,Purchased Power,Industrial Companies,5.0
2014-03-01,Egypt,Purchased Power,New & Renewable ( Winds + Solar Energy ),108.0
2014-03-01,Egypt,Purchased Power,Total,1156.0
2014-03-01,Egypt,Total Generated & Purchased Power,Total,13191.0
2014-03-01,Egypt,Total Uses,Business,429.0
2014-03-01,Egypt,Total Uses,Household,5100.0
2014-03-01,Egypt,Total Uses,Industrial,3415.0
2014-03-01,Egypt,Total Uses,Other,2530.0
2014-03-01,Egypt,Total Uses,Total,11542.0
2014-04-01,Egypt,Generated  Power,Total,12309.0
2014-04-01,Egypt,Power Sold,Total,51.0
2014-04-01,Egypt,Purchased Power,Boot,774.0
2014-04-01,Egypt,Purchased Power,Industrial Companies,3.0
2014-04-01,Egypt,Purchased Power,New & Renewable ( Winds + Solar Energy ),108.0
2014-04-01,Egypt,Purchased Power,Total,885.0
2014-04-01,Egypt,Total Generated & Purchased Power,Total,13194.0
2014-04-01,Egypt,Total Uses,Business,515.0
2014-04-01,Egypt,Total Uses,Household,4959.0
2014-04-01,Egypt,Total Uses,Industrial,3342.0
2014-04-01,Egypt,Total Uses,Other,2660.0
2014-04-01,Egypt,Total Uses,Total,11527.0
2014-05-01,Egypt,Generated  Power,Total,13258.0
2014-05-01,Egypt,Power Sold,Total,38.0
2014-05-01,Egypt,Purchased Power,Boot,1129.0
2014-05-01,Egypt,Purchased Power,Industrial Companies,4.0
2014-05-01,Egypt,Purchased Power,New & Renewable ( Winds + Solar Energy ),80.0
2014-05-01,Egypt,Purchased Power,Total,1213.0
2014-05-01,Egypt,Total Generated & Purchased Power,Total,14471.0
2014-05-01,Egypt,Total Uses,Business,587.0
2014-05-01,Egypt,Total Uses,Household,5237.0
2014-05-01,Egypt,Total Uses,Industrial,3490.0
2014-05-01,Egypt,Total Uses,Other,3093.0
2014-05-01,Egypt,Total Uses,Total,12445.0
2014-06-01,Egypt,Generated  Power,Total,13508.0
2014-06-01,Egypt,Power Sold,Total,35.0
2014-06-01,Egypt,Purchased Power,Boot,1340.0
2014-06-01,Egypt,Purchased Power,Industrial Companies,4.0
2014-06-01,Egypt,Purchased Power,New & Renewable ( Winds + Solar Energy ),97.0
2014-06-01,Egypt,Purchased Power,Total,1441.0
2014-06-01,Egypt,Total Generated & Purchased Power,Total,14949.0
2014-06-01,Egypt,Total Uses,Business,718.0
2014-06-01,Egypt,Total Uses,Household,5761.0
2014-06-01,Egypt,Total Uses,Industrial,3204.0
2014-06-01,Egypt,Total Uses,Other,3465.0
2014-06-01,Egypt,Total Uses,Total,13183.0
2014-07-01,Egypt,Generated  Power,Total,14773.0
2014-07-01,Egypt,Power Sold,Total,43.0
2014-07-01,Egypt,Purchased Power,Boot,1309.0
2014-07-01,Egypt,Purchased Power,Industrial Companies,4.0
2014-07-01,Egypt,Purchased Power,New & Renewable ( Winds + Solar Energy ),118.0
2014-07-01,Egypt,Purchased Power,Total,1431.0
2014-07-01,Egypt,Total Generated & Purchased Power,Total,16204.0
2014-07-01,Egypt,Total Uses,Business,693.0
2014-07-01,Egypt,Total Uses,Household,5475.0
2014-07-01,Egypt,Total Uses,Industrial,3206.0
2014-07-01,Egypt,Total Uses,Other,3057.0
2014-07-01,Egypt,Total Uses,Total,12474.0
2014-08-01,Egypt,Generated  Power,Total,14690.0
2014-08-01,Egypt,Power Sold,Total,39.0
2014-08-01,Egypt,Purchased Power,Boot,1427.0
2014-08-01,Egypt,Purchased Power,Industrial Companies,3.0
2014-08-01,Egypt,Purchased Power,New & Renewable ( Winds + Solar Energy ),118.0
2014-08-01,Egypt,Purchased Power,Total,1548.0
2014-08-01,Egypt,Total Generated & Purchased Power,Total,16238.0
2014-08-01,Egypt,Total Uses,Business,673.0
2014-08-01,Egypt,Total Uses,Household,5373.0
2014-08-01,Egypt,Total Uses,Industrial,3096.0
2014-08-01,Egypt,Total Uses,Other,3044.0
2014-08-01,Egypt,Total Uses,Total,12225.0
2014-09-01,Egypt,Generated  Power,Total,13927.0
2014-09-01,Egypt,Power Sold,Total,44.0
2014-09-01,Egypt,Purchased Power,Boot,1332.0
2014-09-01,Egypt,Purchased Power,Industrial Companies,4.0
2014-09-01,Egypt,Purchased Power,New & Renewable ( Winds + Solar Energy ),123.0
2014-09-01,Egypt,Purchased Power,Total,1459.0
2014-09-01,Egypt,Total Generated & Purchased Power,Total,15386.0
2014-09-01,Egypt,Total Uses,Business,764.0
2014-09-01,Egypt,Total Uses,Household,5635.0
2014-09-01,Egypt,Total Uses,Industrial,3021.0
2014-09-01,Egypt,Total Uses,Other,3194.0
2014-09-01,Egypt,Total Uses,Total,12658.0
2014-10-01,Egypt,Generated  Power,Total,13040.0
2014-10-01,Egypt,Power Sold,Total,81.0
2014-10-01,Egypt,Purchased Power,Boot,1037.0
2014-10-01,Egypt,Purchased Power,Industrial Companies,3.0
2014-10-01,Egypt,Purchased Power,New & Renewable ( Winds + Solar Energy ),111.0
2014-10-01,Egypt,Purchased Power,Total,1151.0
2014-10-01,Egypt,Total Generated & Purchased Power,Total,14191.0
2014-10-01,Egypt,Total Uses,Business,744.0
2014-10-01,Egypt,Total Uses,Household,5597.0
2014-10-01,Egypt,Total Uses,Industrial,3231.0
2014-10-01,Egypt,Total Uses,Other,3157.0
2014-10-01,Egypt,Total Uses,Total,12810.0
2014-11-01,Egypt,Generated  Power,Total,12109.0
2014-11-01,Egypt,Power Sold,Total,89.0
2014-11-01,Egypt,Purchased Power,Boot,1112.0
2014-11-01,Egypt,Purchased Power,Industrial Companies,2.0
2014-11-01,Egypt,Purchased Power,New & Renewable ( Winds + Solar Energy ),82.0
2014-11-01,Egypt,Purchased Power,Total,1196.0
2014-11-01,Egypt,Total Generated & Purchased Power,Total,13305.0
2014-11-01,Egypt,Total Uses,Business,687.0
2014-11-01,Egypt,Total Uses,Household,5128.0
2014-11-01,Egypt,Total Uses,Industrial,3219.0
2014-11-01,Egypt,Total Uses,Other,3003.0
2014-11-01,Egypt,Total Uses,Total,12126.0
2014-12-01,Egypt,Generated  Power,Total,12472.0
2014-12-01,Egypt,Power Sold,Total,93.0
2014-12-01,Egypt,Purchased Power,Boot,1190.0
2014-12-01,Egypt,Purchased Power,Industrial Companies,2.0
2014-12-01,Egypt,Purchased Power,New & Renewable ( Winds + Solar Energy ),69.0
2014-12-01,Egypt,Purchased Power,Total,1261.0
2014-12-01,Egypt,Total Generated & Purchased Power,Total,13733.0
2014-12-01,Egypt,Total Uses,Business,655.0
2014-12-01,Egypt,Total Uses,Household,5089.0
2014-12-01,Egypt,Total Uses,Industrial,3260.0
2014-12-01,Egypt,Total Uses,Other,2764.0
2014-12-01,Egypt,Total Uses,Total,11861.0
2015-01-01,Egypt,Generated  Power,Total,12936.0
2015-01-01,Egypt,Power Sold,Total,81.0
2015-01-01,Egypt,Purchased Power,Boot,934.0
2015-01-01,Egypt,Purchased Power,Industrial Companies,4.0
2015-01-01,Egypt,Purchased Power,New & Renewable ( Winds + Solar Energy ),77.0
2015-01-01,Egypt,Purchased Power,Total,1015.0
2015-01-01,Egypt,Total Generated & Purchased Power,Total,13951.0
2015-01-01,Egypt,Total Uses,Business,585.0
2015-01-01,Egypt,Total Uses,Household,5011.0
2015-01-01,Egypt,Total Uses,Industrial,3250.0
2015-01-01,Egypt,Total Uses,Other,2642.0
2015-01-01,Egypt,Total Uses,Total,11569.0
2015-02-01,Egypt,Generated  Power,Total,11580.0
2015-02-01,Egypt,Power Sold,Total,83.0
2015-02-01,Egypt,Purchased Power,Boot,801.0
2015-02-01,Egypt,Purchased Power,Industrial Companies,2.0
2015-02-01,Egypt,Purchased Power,New & Renewable ( Winds + Solar Energy ),119.0
2015-02-01,Egypt,Purchased Power,Total,922.0
2015-02-01,Egypt,Total Generated & Purchased Power,Total,12502.0
2015-02-01,Egypt,Total Uses,Business,561.0
2015-02-01,Egypt,Total Uses,Household,4833.0
2015-02-01,Egypt,Total Uses,Industrial,2983.0
2015-02-01,Egypt,Total Uses,Other,2486.0
2015-02-01,Egypt,Total Uses,Total,10946.0
2015-03-01,Egypt,Generated  Power,Total,12592.0
2015-03-01,Egypt,Power Sold,Total,86.0
2015-03-01,Egypt,Purchased Power,Boot,1023.0
2015-03-01,Egypt,Purchased Power,Industrial Companies,2.0
2015-03-01,Egypt,Purchased Power,New & Renewable ( Winds + Solar Energy ),151.0
2015-03-01,Egypt,Purchased Power,Total,1176.0
2015-03-01,Egypt,Total Generated & Purchased Power,Total,13768.0
2015-03-01,Egypt,Total Uses,Business,572.0
2015-03-01,Egypt,Total Uses,Household,5287.0
2015-03-01,Egypt,Total Uses,Industrial,3223.0
2015-03-01,Egypt,Total Uses,Other,2695.0
2015-03-01,Egypt,Total Uses,Total,11863.0
2015-04-01,Egypt,Generated  Power,Total,12300.0
2015-04-01,Egypt,Power Sold,Total,111.0
2015-04-01,Egypt,Purchased Power,Boot,1086.0
2015-04-01,Egypt,Purchased Power,Industrial Companies,2.0
2015-04-01,Egypt,Purchased Power,New & Renewable ( Winds + Solar Energy ),138.0
2015-04-01,Egypt,Purchased Power,Total,1226.0
2015-04-01,Egypt,Total Generated & Purchased Power,Total,13526.0
2015-04-01,Egypt,Total Uses,Business,559.0
2015-04-01,Egypt,Total Uses,Household,5491.0
2015-04-01,Egypt,Total Uses,Industrial,3165.0
2015-04-01,Egypt,Total Uses,Other,2790.0
2015-04-01,Egypt,Total Uses,Total,12116.0
2015-05-01,Egypt,Generated  Power,Total,13900.0
2015-05-01,Egypt,Power Sold,Total,118.64
2015-05-01,Egypt,Purchased Power,Boot,1153.9
2015-05-01,Egypt,Purchased Power,Industrial Companies,2.26
2015-05-01,Egypt,Purchased Power,New & Renewable ( Winds + Solar Energy ),145.18
2015-05-01,Egypt,Purchased Power,Total,1301.34
2015-05-01,Egypt,Total Generated & Purchased Power,Total,15201.34
2015-05-01,Egypt,Total Uses,Business,576.0
2015-05-01,Egypt,Total Uses,Household,5857.0
2015-05-01,Egypt,Total Uses,Industrial,3298.0
2015-05-01,Egypt,Total Uses,Other,3009.16
2015-05-01,Egypt,Total Uses,Total,12858.8
2015-06-01,Egypt,Generated  Power,Total,14378.0
2015-06-01,Egypt,Power Sold,Total,90.0
2015-06-01,Egypt,Purchased Power,Boot,1093.0
2015-06-01,Egypt,Purchased Power,Industrial Companies,2.0
2015-06-01,Egypt,Purchased Power,New & Renewable ( Winds + Solar Energy ),193.0
2015-06-01,Egypt,Purchased Power,Total,1288.0
2015-06-01,Egypt,Total Generated & Purchased Power,Total,15666.0
2015-06-01,Egypt,Total Uses,Business,624.0
2015-06-01,Egypt,Total Uses,Household,5959.0
2015-06-01,Egypt,Total Uses,Industrial,3295.0
2015-06-01,Egypt,Total Uses,Other,3574.0
2015-06-01,Egypt,Total Uses,Total,13542.0
2015-07-01,Egypt,Generated  Power,Total,15621.0
2015-07-01,Egypt,Power Sold,Total,94.0
2015-07-01,Egypt,Purchased Power,Boot,1248.0
2015-07-01,Egypt,Purchased Power,Industrial Companies,6.0
2015-07-01,Egypt,Purchased Power,New & Renewable ( Winds + Solar Energy ),202.0
2015-07-01,Egypt,Purchased Power,Total,1456.0
2015-07-01,Egypt,Total Generated & Purchased Power,Total,17077.0
2015-07-01,Egypt,Total Uses,Business,670.0
2015-07-01,Egypt,Total Uses,Household,5785.0
2015-07-01,Egypt,Total Uses,Industrial,3273.0
2015-07-01,Egypt,Total Uses,Other,3332.0
2015-07-01,Egypt,Total Uses,Total,13154.0
2015-08-01,Egypt,Generated  Power,Total,17093.0
2015-08-01,Egypt,Power Sold,Total,75.0
2015-08-01,Egypt,Purchased Power,Boot,1325.0
2015-08-01,Egypt,Purchased Power,Industrial Companies,2.0
2015-08-01,Egypt,Purchased Power,New & Renewable ( Winds + Solar Energy ),218.0
2015-08-01,Egypt,Purchased Power,Total,1545.0
2015-08-01,Egypt,Total Generated & Purchased Power,Total,18638.0
2015-08-01,Egypt,Total Uses,Business,694.0
2015-08-01,Egypt,Total Uses,Household,6117.0
2015-08-01,Egypt,Total Uses,Industrial,3115.0
2015-08-01,Egypt,Total Uses,Other,3603.0
2015-08-01,Egypt,Total Uses,Total,13604.0
2015-09-01,Egypt,Generated  Power,Total,15469.0
2015-09-01,Egypt,Power Sold,Total,63.0
2015-09-01,Egypt,Purchased Power,Boot,1299.0
2015-09-01,Egypt,Purchased Power,Industrial Companies,3.0
2015-09-01,Egypt,Purchased Power,New & Renewable ( Winds + Solar Energy ),197.0
2015-09-01,Egypt,Purchased Power,Total,1499.0
2015-09-01,Egypt,Total Generated & Purchased Power,Total,16968.0
2015-09-01,Egypt,Total Uses,Business,829.0
2015-09-01,Egypt,Total Uses,Household,6489.0
2015-09-01,Egypt,Total Uses,Industrial,3042.0
2015-09-01,Egypt,Total Uses,Other,3463.0
2015-09-01,Egypt,Total Uses,Total,13886.0
2015-10-01,Egypt,Generated  Power,Total,14529.0
2015-10-01,Egypt,Power Sold,Total,59.0
2015-10-01,Egypt,Purchased Power,Boot,966.0
2015-10-01,Egypt,Purchased Power,Industrial Companies,5.0
2015-10-01,Egypt,Purchased Power,New & Renewable ( Winds + Solar Energy ),182.0
2015-10-01,Egypt,Purchased Power,Total,1153.0
2015-10-01,Egypt,Total Generated & Purchased Power,Total,15682.0
2015-10-01,Egypt,Total Uses,Business,777.0
2015-10-01,Egypt,Total Uses,Household,6430.0
2015-10-01,Egypt,Total Uses,Industrial,3155.0
2015-10-01,Egypt,Total Uses,Other,3223.0
2015-10-01,Egypt,Total Uses,Total,13644.0
2015-11-01,Egypt,Generated  Power,Total,12750.0
2015-11-01,Egypt,Power Sold,Total,44.0
2015-11-01,Egypt,Purchased Power,Boot,878.0
2015-11-01,Egypt,Purchased Power,Industrial Companies,2.0
2015-11-01,Egypt,Purchased Power,New & Renewable ( Winds + Solar Energy ),140.0
2015-11-01,Egypt,Purchased Power,Total,1020.0
2015-11-01,Egypt,Total Generated & Purchased Power,Total,13770.0
2015-11-01,Egypt,Total Uses,Business,747.0
2015-11-01,Egypt,Total Uses,Household,5855.0
2015-11-01,Egypt,Total Uses,Industrial,3245.0
2015-11-01,Egypt,Total Uses,Other,2838.0
2015-11-01,Egypt,Total Uses,Total,12729.0
2015-12-01,Egypt,Generated  Power,Total,13013.0
2015-12-01,Egypt,Power Sold,Total,99.0
2015-12-01,Egypt,Purchased Power,Boot,934.0
2015-12-01,Egypt,Purchased Power,Industrial Companies,4.0
2015-12-01,Egypt,Purchased Power,New & Renewable ( Winds + Solar Energy ),155.0
2015-12-01,Egypt,Purchased Power,Total,1093.0
2015-12-01,Egypt,Total Generated & Purchased Power,Total,14106.0
2015-12-01,Egypt,Total Uses,Business,710.0
2015-12-01,Egypt,Total Uses,Household,5366.0
2015-12-01,Egypt,Total Uses,Industrial,3359.0
2015-12-01,Egypt,Total Uses,Other,2663.0
2015-12-01,Egypt,Total Uses,Total,12197.0
2016-01-01,Egypt,Generated  Power,Total,12983.0
2016-01-01,Egypt,Power Sold,Total,115.0
2016-01-01,Egypt,Purchased Power,Boot,1045.0
2016-01-01,Egypt,Purchased Power,Industrial Companies,4.0
2016-01-01,Egypt,Purchased Power,New & Renewable ( Winds + Solar Energy ),141.0
2016-01-01,Egypt,Purchased Power,Total,1190.0
2016-01-01,Egypt,Total Generated & Purchased Power,Total,14173.0
2016-01-01,Egypt,Total Uses,Business,623.0
2016-01-01,Egypt,Total Uses,Household,5569.0
2016-01-01,Egypt,Total Uses,Industrial,3159.0
2016-01-01,Egypt,Total Uses,Other,2569.0
2016-01-01,Egypt,Total Uses,Total,12035.0
2016-02-01,Egypt,Generated  Power,Total,12373.0
2016-02-01,Egypt,Power Sold,Total,89.0
2016-02-01,Egypt,Purchased Power,Boot,721.0
2016-02-01,Egypt,Purchased Power,Industrial Companies,5.0
2016-02-01,Egypt,Purchased Power,New & Renewable ( Winds + Solar Energy ),104.0
2016-02-01,Egypt,Purchased Power,Total,830.0
2016-02-01,Egypt,Total Generated & Purchased Power,Total,13203.0
2016-02-01,Egypt,Total Uses,Business,575.0
2016-02-01,Egypt,Total Uses,Household,5402.0
2016-02-01,Egypt,Total Uses,Industrial,2983.0
2016-02-01,Egypt,Total Uses,Other,2531.0
2016-02-01,Egypt,Total Uses,Total,11580.0
2016-03-01,Egypt,Generated  Power,Total,12960.0
2016-03-01,Egypt,Power Sold,Total,115.0
2016-03-01,Egypt,Purchased Power,Boot,930.0
2016-03-01,Egypt,Purchased Power,Industrial Companies,3.0
2016-03-01,Egypt,Purchased Power,New & Renewable ( Winds + Solar Energy ),183.0
2016-03-01,Egypt,Purchased Power,Total,1116.0
2016-03-01,Egypt,Total Generated & Purchased Power,Total,14076.0
2016-03-01,Egypt,Total Uses,Business,588.0
2016-03-01,Egypt,Total Uses,Household,5797.0
2016-03-01,Egypt,Total Uses,Industrial,3224.0
2016-03-01,Egypt,Total Uses,Other,2588.0
2016-03-01,Egypt,Total Uses,Total,12312.0
2016-04-01,Egypt,Generated  Power,Total,13133.0
2016-04-01,Egypt,Power Sold,Total,89.0
2016-04-01,Egypt,Purchased Power,Boot,1074.0
2016-04-01,Egypt,Purchased Power,Industrial Companies,4.0
2016-04-01,Egypt,Purchased Power,New & Renewable ( Winds + Solar Energy ),197.0
2016-04-01,Egypt,Purchased Power,Total,1275.0
2016-04-01,Egypt,Total Generated & Purchased Power,Total,14408.0
2016-04-01,Egypt,Total Uses,Business,633.0
2016-04-01,Egypt,Total Uses,Household,6024.0
2016-04-01,Egypt,Total Uses,Industrial,3183.0
2016-04-01,Egypt,Total Uses,Other,2597.0
2016-04-01,Egypt,Total Uses,Total,12526.0
2016-05-01,Egypt,Generated  Power,Total,14708.0
2016-05-01,Egypt,Power Sold,Total,73.0
2016-05-01,Egypt,Purchased Power,Boot,1001.0
2016-05-01,Egypt,Purchased Power,Industrial Companies,3.0
2016-05-01,Egypt,Purchased Power,New & Renewable ( Winds + Solar Energy ),224.0
2016-05-01,Egypt,Purchased Power,Total,1228.0
2016-05-01,Egypt,Total Generated & Purchased Power,Total,15936.0
2016-05-01,Egypt,Total Uses,Business,645.0
2016-05-01,Egypt,Total Uses,Household,6565.0
2016-05-01,Egypt,Total Uses,Industrial,3331.0
2016-05-01,Egypt,Total Uses,Other,2983.0
2016-05-01,Egypt,Total Uses,Total,13597.0
2016-06-01,Egypt,Generated  Power,Total,16217.0
2016-06-01,Egypt,Power Sold,Total,68.0
2016-06-01,Egypt,Purchased Power,Boot,1129.0
2016-06-01,Egypt,Purchased Power,Industrial Companies,5.0
2016-06-01,Egypt,Purchased Power,New & Renewable ( Winds + Solar Energy ),232.0
2016-06-01,Egypt,Purchased Power,Total,1366.0
2016-06-01,Egypt,Total Generated & Purchased Power,Total,17583.0
2016-06-01,Egypt,Total Uses,Business,776.0
2016-06-01,Egypt,Total Uses,Household,7644.0
2016-06-01,Egypt,Total Uses,Industrial,3267.0
2016-06-01,Egypt,Total Uses,Other,3226.0
2016-06-01,Egypt,Total Uses,Total,14981.0
2016-07-01,Egypt,Generated  Power,Total,16966.0
2016-07-01,Egypt,Power Sold,Total,55.0
2016-07-01,Egypt,Purchased Power,Boot,1083.0
2016-07-01,Egypt,Purchased Power,Industrial Companies,4.0
2016-07-01,Egypt,Purchased Power,New & Renewable ( Winds + Solar Energy ),265.0
2016-07-01,Egypt,Purchased Power,Total,1352.0
2016-07-01,Egypt,Total Generated & Purchased Power,Total,18318.0
2016-07-01,Egypt,Total Uses,Business,690.0
2016-07-01,Egypt,Total Uses,Household,6525.0
2016-07-01,Egypt,Total Uses,Industrial,3364.0
2016-07-01,Egypt,Total Uses,Other,3273.0
2016-07-01,Egypt,Total Uses,Total,13907.0
2016-08-01,Egypt,Generated  Power,Total,17276.0
2016-08-01,Egypt,Power Sold,Total,46.0
2016-08-01,Egypt,Purchased Power,Boot,1156.0
2016-08-01,Egypt,Purchased Power,Industrial Companies,3.0
2016-08-01,Egypt,Purchased Power,New & Renewable ( Winds + Solar Energy ),278.0
2016-08-01,Egypt,Purchased Power,Total,1437.0
2016-08-01,Egypt,Total Generated & Purchased Power,Total,18713.0
2016-08-01,Egypt,Total Uses,Business,761.0
2016-08-01,Egypt,Total Uses,Household,6705.0
2016-08-01,Egypt,Total Uses,Industrial,3477.0
2016-08-01,Egypt,Total Uses,Other,3301.0
2016-08-01,Egypt,Total Uses,Total,14290.0
2016-09-01,Egypt,Generated  Power,Total,15377.0
2016-09-01,Egypt,Power Sold,Total,31.0
2016-09-01,Egypt,Purchased Power,Boot,1000.0
2016-09-01,Egypt,Purchased Power,Industrial Companies,5.0
2016-09-01,Egypt,Purchased Power,New & Renewable ( Winds + Solar Energy ),315.0
2016-09-01,Egypt,Purchased Power,Total,1320.0
2016-09-01,Egypt,Total Generated & Purchased Power,Total,16697.0
2016-09-01,Egypt,Total Uses,Business,811.0
2016-09-01,Egypt,Total Uses,Household,6488.0
2016-09-01,Egypt,Total Uses,Industrial,3361.0
2016-09-01,Egypt,Total Uses,Other,3284.0
2016-09-01,Egypt,Total Uses,Total,13975.0
2016-10-01,Egypt,Generated  Power,Total,14795.0
2016-10-01,Egypt,Power Sold,Total,48.0
2016-10-01,Egypt,Purchased Power,Boot,759.0
2016-10-01,Egypt,Purchased Power,Industrial Companies,4.0
2016-10-01,Egypt,Purchased Power,New & Renewable ( Winds + Solar Energy ),288.0
2016-10-01,Egypt,Purchased Power,Total,1051.0
2016-10-01,Egypt,Total Generated & Purchased Power,Total,15846.0
2016-10-01,Egypt,Total Uses,Business,787.0
2016-10-01,Egypt,Total Uses,Household,6168.0
2016-10-01,Egypt,Total Uses,Industrial,3485.0
2016-10-01,Egypt,Total Uses,Other,3149.0
2016-10-01,Egypt,Total Uses,Total,13637.0
2016-11-01,Egypt,Generated  Power,Total,12927.0
2016-11-01,Egypt,Power Sold,Total,34.0
2016-11-01,Egypt,Purchased Power,Boot,838.0
2016-11-01,Egypt,Purchased Power,Industrial Companies,3.0
2016-11-01,Egypt,Purchased Power,New & Renewable ( Winds + Solar Energy ),185.0
2016-11-01,Egypt,Purchased Power,Total,1026.0
2016-11-01,Egypt,Total Generated & Purchased Power,Total,13953.0
2016-11-01,Egypt,Total Uses,Business,736.0
2016-11-01,Egypt,Total Uses,Household,5676.0
2016-11-01,Egypt,Total Uses,Industrial,3348.0
2016-11-01,Egypt,Total Uses,Other,2855.0
2016-11-01,Egypt,Total Uses,Total,12649.0
2016-12-01,Egypt,Generated  Power,Total,13363.0
2016-12-01,Egypt,Power Sold,Total,46.0
2016-12-01,Egypt,Purchased Power,Boot,827.0
2016-12-01,Egypt,Purchased Power,Industrial Companies,3.0
2016-12-01,Egypt,Purchased Power,New & Renewable ( Winds + Solar Energy ),192.0
2016-12-01,Egypt,Purchased Power,Total,1022.0
2016-12-01,Egypt,Total Generated & Purchased Power,Total,14385.0
2016-12-01,Egypt,Total Uses,Business,655.0
2016-12-01,Egypt,Total Uses,Household,5730.0
2016-12-01,Egypt,Total Uses,Industrial,3548.0
2016-12-01,Egypt,Total Uses,Other,2729.0
2016-12-01,Egypt,Total Uses,Total,12708.0
2017-01-01,Egypt,Generated  Power,Total,13704.0
2017-01-01,Egypt,Power Sold,Total,85.0
2017-01-01,Egypt,Purchased Power,Boot,1010.0
2017-01-01,Egypt,Purchased Power,Industrial Companies,3.0
2017-01-01,Egypt,Purchased Power,New & Renewable ( Winds + Solar Energy ),197.0
2017-01-01,Egypt,Purchased Power,Total,1210.0
2017-01-01,Egypt,Total Generated & Purchased Power,Total,14914.0
2017-01-01,Egypt,Total Uses,Business,574.0
2017-01-01,Egypt,Total Uses,Household,5215.0
2017-01-01,Egypt,Total Uses,Industrial,3534.0
2017-01-01,Egypt,Total Uses,Other,2715.0
2017-01-01,Egypt,Total Uses,Total,12123.0
2017-02-01,Egypt,Generated  Power,Total,12309.0
2017-02-01,Egypt,Power Sold,Total,67.0
2017-02-01,Egypt,Purchased Power,Boot,845.0
2017-02-01,Egypt,Purchased Power,Industrial Companies,2.0
2017-02-01,Egypt,Purchased Power,New & Renewable ( Winds + Solar Energy ),169.0
2017-02-01,Egypt,Purchased Power,Total,1016.0
2017-02-01,Egypt,Total Generated & Purchased Power,Total,13325.0
2017-02-01,Egypt,Total Uses,Business,557.0
2017-02-01,Egypt,Total Uses,Household,4782.0
2017-02-01,Egypt,Total Uses,Industrial,3276.0
2017-02-01,Egypt,Total Uses,Other,2566.0
2017-02-01,Egypt,Total Uses,Total,11248.0
2017-03-01,Egypt,Generated  Power,Total,13479.0
2017-03-01,Egypt,Power Sold,Total,30.0
2017-03-01,Egypt,Purchased Power,Boot,862.0
2017-03-01,Egypt,Purchased Power,Industrial Companies,2.0
2017-03-01,Egypt,Purchased Power,New & Renewable ( Winds + Solar Energy ),157.0
2017-03-01,Egypt,Purchased Power,Total,1021.0
2017-03-01,Egypt,Total Generated & Purchased Power,Total,14500.0
2017-03-01,Egypt,Total Uses,Business,614.0
2017-03-01,Egypt,Total Uses,Household,4896.0
2017-03-01,Egypt,Total Uses,Industrial,3504.0
2017-03-01,Egypt,Total Uses,Other,2705.0
2017-03-01,Egypt,Total Uses,Total,11749.0
2017-04-01,Egypt,Generated  Power,Total,13041.0
2017-04-01,Egypt,Power Sold,Total,35.0
2017-04-01,Egypt,Purchased Power,Boot,999.0
2017-04-01,Egypt,Purchased Power,Industrial Companies,3.0
2017-04-01,Egypt,Purchased Power,New & Renewable ( Winds + Solar Energy ),193.0
2017-04-01,Egypt,Purchased Power,Total,1195.0
2017-04-01,Egypt,Total Generated & Purchased Power,Total,14236.0
2017-04-01,Egypt,Total Uses,Business,600.0
2017-04-01,Egypt,Total Uses,Household,4971.0
2017-04-01,Egypt,Total Uses,Industrial,3419.0
2017-04-01,Egypt,Total Uses,Other,2741.0
2017-04-01,Egypt,Total Uses,Total,11766.0
2017-05-01,Egypt,Generated  Power,Total,15224.0
2017-05-01,Egypt,Power Sold,Total,30.0
2017-05-01,Egypt,Purchased Power,Boot,1019.0
2017-05-01,Egypt,Purchased Power,Industrial Companies,3.0
2017-05-01,Egypt,Purchased Power,New & Renewable ( Winds + Solar Energy ),219.0
2017-05-01,Egypt,Purchased Power,Total,1241.0
2017-05-01,Egypt,Total Generated & Purchased Power,Total,16465.0
2017-05-01,Egypt,Total Uses,Business,683.0
2017-05-01,Egypt,Total Uses,Household,4881.0
2017-05-01,Egypt,Total Uses,Industrial,3700.0
2017-05-01,Egypt,Total Uses,Other,3147.0
2017-05-01,Egypt,Total Uses,Total,12441.0
2017-06-01,Egypt,Generated  Power,Total,15959.0
2017-06-01,Egypt,Power Sold,Total,35.0
2017-06-01,Egypt,Purchased Power,Boot,1049.0
2017-06-01,Egypt,Purchased Power,Industrial Companies,2.0
2017-06-01,Egypt,Purchased Power,New & Renewable ( Winds + Solar Energy ),321.0
2017-06-01,Egypt,Purchased Power,Total,1372.0
2017-06-01,Egypt,Total Generated & Purchased Power,Total,17331.0
2017-06-01,Egypt,Total Uses,Business,837.0
2017-06-01,Egypt,Total Uses,Household,4722.0
2017-06-01,Egypt,Total Uses,Industrial,3556.0
2017-06-01,Egypt,Total Uses,Other,3488.0
2017-06-01,Egypt,Total Uses,Total,12638.0
2017-07-01,Egypt,Generated  Power,Total,18385.0
2017-07-01,Egypt,Power Sold,Total,78.0
2017-07-01,Egypt,Purchased Power,Boot,1124.0
2017-07-01,Egypt,Purchased Power,Industrial Companies,2.0
2017-07-01,Egypt,Purchased Power,New & Renewable ( Winds + Solar Energy ),257.0
2017-07-01,Egypt,Purchased Power,Total,1383.0
2017-07-01,Egypt,Total Generated & Purchased Power,Total,19768.0
2017-07-01,Egypt,Total Uses,Business,729.0
2017-07-01,Egypt,Total Uses,Household,5833.0
2017-07-01,Egypt,Total Uses,Industrial,3700.0
2017-07-01,Egypt,Total Uses,Other,3361.0
2017-07-01,Egypt,Total Uses,Total,13701.0
2017-08-01,Egypt,Generated  Power,Total,18244.0
2017-08-01,Egypt,Power Sold,Total,69.0
2017-08-01,Egypt,Purchased Power,Boot,1141.0
2017-08-01,Egypt,Purchased Power,Industrial Companies,1.0
2017-08-01,Egypt,Purchased Power,New & Renewable ( Winds + Solar Energy ),290.0
2017-08-01,Egypt,Purchased Power,Total,1432.0
2017-08-01,Egypt,Total Generated & Purchased Power,Total,19676.0
2017-08-01,Egypt,Total Uses,Business,799.0
2017-08-01,Egypt,Total Uses,Household,5952.0
2017-08-01,Egypt,Total Uses,Industrial,3655.0
2017-08-01,Egypt,Total Uses,Other,3537.0
2017-08-01,Egypt,Total Uses,Total,14012.0
2017-09-01,Egypt,Generated  Power,Total,15838.0
2017-09-01,Egypt,Power Sold,Total,48.0
2017-09-01,Egypt,Purchased Power,Boot,994.0
2017-09-01,Egypt,Purchased Power,Industrial Companies,3.0
2017-09-01,Egypt,Purchased Power,New & Renewable ( Winds + Solar Energy ),296.0
2017-09-01,Egypt,Purchased Power,Total,1293.0
2017-09-01,Egypt,Total Generated & Purchased Power,Total,17131.0
2017-09-01,Egypt,Total Uses,Business,880.0
2017-09-01,Egypt,Total Uses,Household,6123.0
2017-09-01,Egypt,Total Uses,Industrial,3629.0
2017-09-01,Egypt,Total Uses,Other,3510.0
2017-09-01,Egypt,Total Uses,Total,14190.0
2017-10-01,Egypt,Generated  Power,Total,14629.0
2017-10-01,Egypt,Power Sold,Total,28.0
2017-10-01,Egypt,Purchased Power,Boot,898.0
2017-10-01,Egypt,Purchased Power,Boot & International Electrical Interconnection Countries,898.0
2017-10-01,Egypt,Purchased Power,Industrial Companies,4.0
2017-10-01,Egypt,Purchased Power,New & Renewable ( Wind + Solar Energy ),233.0
2017-10-01,Egypt,Purchased Power,New & Renewable ( Winds + Solar Energy ),233.0
2017-10-01,Egypt,Purchased Power,Total,1135.0
2017-10-01,Egypt,Total Generated & Purchased Power,Total,15764.0
2017-10-01,Egypt,Total Uses,Business,827.0
2017-10-01,Egypt,Total Uses,Household,5979.0
2017-10-01,Egypt,Total Uses,Industrial,3633.0
2017-10-01,Egypt,Total Uses,Other,3270.0
2017-10-01,Egypt,Total Uses,Total,13737.0
2017-11-01,Egypt,Generated  Power,Total,13435.0
2017-11-01,Egypt,Power Sold,Total,35.0
2017-11-01,Egypt,Purchased Power,Boot & International Electrical Interconnection Countries,665.0
2017-11-01,Egypt,Purchased Power,Industrial Companies,3.0
2017-11-01,Egypt,Purchased Power,New & Renewable ( Wind + Solar Energy ),218.0
2017-11-01,Egypt,Purchased Power,Total,886.0
2017-11-01,Egypt,Total Generated & Purchased Power,Total,14321.0
2017-11-01,Egypt,Total Uses,Business,773.0
2017-11-01,Egypt,Total Uses,Household,5701.0
2017-11-01,Egypt,Total Uses,Industrial,3528.0
2017-11-01,Egypt,Total Uses,Other,2918.0
2017-11-01,Egypt,Total Uses,Total,12955.0
2017-12-01,Egypt,Generated  Power,Total,14280.0
2017-12-01,Egypt,Power Sold,Total,69.0
2017-12-01,Egypt,Purchased Power,Boot & International Electrical Interconnection Countries,497.0
2017-12-01,Egypt,Purchased Power,Industrial Companies,3.0
2017-12-01,Egypt,Purchased Power,New & Renewable ( Wind + Solar Energy ),135.0
2017-12-01,Egypt,Purchased Power,Total,635.0
2017-12-01,Egypt,Total Generated & Purchased Power,Total,14915.0
2017-12-01,Egypt,Total Uses,Business,676.0
2017-12-01,Egypt,Total Uses,Household,5197.0
2017-12-01,Egypt,Total Uses,Industrial,3720.0
2017-12-01,Egypt,Total Uses,Other,2905.0
2017-12-01,Egypt,Total Uses,Total,12567.0
2018-01-01,Egypt,Generated  Power,Total,13875.0
2018-01-01,Egypt,Power Sold,Total,65.0
2018-01-01,Egypt,Purchased Power,Boot & International Electrical Interconnection Countries,940.0
2018-01-01,Egypt,Purchased Power,Industrial Companies,2.0
2018-01-01,Egypt,Purchased Power,New & Renewable ( Wind + Solar Energy ),157.0
2018-01-01,Egypt,Purchased Power,Total,1099.0
2018-01-01,Egypt,Total Generated & Purchased Power,Total,14974.0
2018-01-01,Egypt,Total Uses,Business,573.0
2018-01-01,Egypt,Total Uses,Household,5025.0
2018-01-01,Egypt,Total Uses,Industrial,3576.0
2018-01-01,Egypt,Total Uses,Other,2857.0
2018-01-01,Egypt,Total Uses,Total,12096.0
2018-02-01,Egypt,Generated  Power,Total,12486.0
2018-02-01,Egypt,Power Sold,Total,66.0
2018-02-01,Egypt,Purchased Power,Boot & International Electrical Interconnection Countries,855.0
2018-02-01,Egypt,Purchased Power,Industrial Companies,4.0
2018-02-01,Egypt,Purchased Power,New & Renewable ( Wind + Solar Energy ),116.0
2018-02-01,Egypt,Purchased Power,Total,975.0
2018-02-01,Egypt,Total Generated & Purchased Power,Total,13461.0
2018-02-01,Egypt,Total Uses,Business,556.0
2018-02-01,Egypt,Total Uses,Household,5040.0
2018-02-01,Egypt,Total Uses,Industrial,3365.0
2018-02-01,Egypt,Total Uses,Other,2585.0
2018-02-01,Egypt,Total Uses,Total,11612.0
2018-03-01,Egypt,Generated  Power,Total,13926.0
2018-03-01,Egypt,Power Sold,Total,52.0
2018-03-01,Egypt,Purchased Power,Boot & International Electrical Interconnection Countries,894.0
2018-03-01,Egypt,Purchased Power,Industrial Companies,5.0
2018-03-01,Egypt,Purchased Power,New & Renewable ( Wind + Solar Energy ),238.0
2018-03-01,Egypt,Purchased Power,Total,1137.0
2018-03-01,Egypt,Total Generated & Purchased Power,Total,15063.0
2018-03-01,Egypt,Total Uses,Business,569.0
2018-03-01,Egypt,Total Uses,Household,5210.0
2018-03-01,Egypt,Total Uses,Industrial,3608.0
2018-03-01,Egypt,Total Uses,Other,2838.0
2018-03-01,Egypt,Total Uses,Total,12277.0
2018-04-01,Egypt,Generated  Power,Total,13779.0
2018-04-01,Egypt,Power Sold,Total,73.0
2018-04-01,Egypt,Purchased Power,Boot & International Electrical Interconnection Countries,986.0
2018-04-01,Egypt,Purchased Power,Industrial Companies,6.0
2018-04-01,Egypt,Purchased Power,New & Renewable ( Wind + Solar Energy ),253.0
2018-04-01,Egypt,Purchased Power,Total,1245.0
2018-04-01,Egypt,Total Generated & Purchased Power,Total,15024.0
2018-04-01,Egypt,Total Uses,Business,594.0
2018-04-01,Egypt,Total Uses,Household,5230.0
2018-04-01,Egypt,Total Uses,Industrial,3693.0
2018-04-01,Egypt,Total Uses,Other,2871.0
2018-04-01,Egypt,Total Uses,Total,12461.0
2018-05-01,Egypt,Generated  Power,Total,16473.0
2018-05-01,Egypt,Power Sold,Total,79.0
2018-05-01,Egypt,Purchased Power,Boot & International Electrical Interconnection Countries,995.0
2018-05-01,Egypt,Purchased Power,Industrial Companies,4.0
2018-05-01,Egypt,Purchased Power,New & Renewable ( Wind + Solar Energy ),277.0
2018-05-01,Egypt,Purchased Power,Total,1276.0
2018-05-01,Egypt,Total Generated & Purchased Power,Total,17749.0
2018-05-01,Egypt,Total Uses,Business,630.0
2018-05-01,Egypt,Total Uses,Household,5609.0
2018-05-01,Egypt,Total Uses,Industrial,3734.0
2018-05-01,Egypt,Total Uses,Other,3396.0
2018-05-01,Egypt,Total Uses,Total,13448.0
2018-06-01,Egypt,Generated  Power,Total,16762.0
2018-06-01,Egypt,Power Sold,Total,51.0
2018-06-01,Egypt,Purchased Power,Boot & International Electrical Interconnection Countries,986.0
2018-06-01,Egypt,Purchased Power,Industrial Companies,4.0
2018-06-01,Egypt,Purchased Power,New & Renewable ( Wind + Solar Energy ),384.0
2018-06-01,Egypt,Purchased Power,Total,1374.0
2018-06-01,Egypt,Total Generated & Purchased Power,Total,18136.0
2018-06-01,Egypt,Total Uses,Business,778.0
2018-06-01,Egypt,Total Uses,Household,6446.0
2018-06-01,Egypt,Total Uses,Industrial,3790.0
2018-06-01,Egypt,Total Uses,Other,4008.0
2018-06-01,Egypt,Total Uses,Total,15073.0
2018-07-01,Egypt,Generated  Power,Total,18472.0
2018-07-01,Egypt,Power Sold,Total,100.0
2018-07-01,Egypt,Purchased Power,Boot & International Electrical Interconnection Countries,1052.0
2018-07-01,Egypt,Purchased Power,Industrial Companies,2.0
2018-07-01,Egypt,Purchased Power,New & Renewable ( Wind + Solar Energy ),387.9
2018-07-01,Egypt,Purchased Power,Total,1441.9
2018-07-01,Egypt,Total Generated & Purchased Power,Total,19913.9
2018-07-01,Egypt,Total Uses,Business,734.0
2018-07-01,Egypt,Total Uses,Household,5819.0
2018-07-01,Egypt,Total Uses,Industrial,3688.0
2018-07-01,Egypt,Total Uses,Other,3750.0
2018-07-01,Egypt,Total Uses,Total,14091.0
2018-08-01,Egypt,Generated  Power,Total,18331.0
2018-08-01,Egypt,Power Sold,Total,96.0
2018-08-01,Egypt,Purchased Power,Boot & International Electrical Interconnection Countries,985.0
2018-08-01,Egypt,Purchased Power,Industrial Companies,2.0
2018-08-01,Egypt,Purchased Power,New & Renewable ( Wind + Solar Energy ),446.0
2018-08-01,Egypt,Purchased Power,Total,1433.0
2018-08-01,Egypt,Total Generated & Purchased Power,Total,19764.0
2018-08-01,Egypt,Total Uses,Business,783.0
2018-08-01,Egypt,Total Uses,Household,6042.0
2018-08-01,Egypt,Total Uses,Industrial,3717.0
2018-08-01,Egypt,Total Uses,Other,3783.0
2018-08-01,Egypt,Total Uses,Total,14421.0
2018-09-01,Egypt,Generated  Power,Total,17043.0
2018-09-01,Egypt,Power Sold,Total,55.0
2018-09-01,Egypt,Purchased Power,Boot & International Electrical Interconnection Countries,915.0
2018-09-01,Egypt,Purchased Power,Industrial Companies,2.0
2018-09-01,Egypt,Purchased Power,New & Renewable ( Wind + Solar Energy ),403.0
2018-09-01,Egypt,Purchased Power,Total,1320.0
2018-09-01,Egypt,Total Generated & Purchased Power,Total,18363.0
2018-09-01,Egypt,Total Uses,Business,790.0
2018-09-01,Egypt,Total Uses,Household,6022.0
2018-09-01,Egypt,Total Uses,Industrial,3887.0
2018-09-01,Egypt,Total Uses,Other,3694.0
2018-09-01,Egypt,Total Uses,Total,14448.0
2018-10-01,Egypt,Generated  Power,Total,15243.0
2018-10-01,Egypt,Power Sold,Total,51.0
2018-10-01,Egypt,Purchased Power,Boot & International Electrical Interconnection Countries,1045.0
2018-10-01,Egypt,Purchased Power,Industrial Companies,3.0
2018-10-01,Egypt,Purchased Power,New & Renewable ( Wind + Solar Energy ),375.0
2018-10-01,Egypt,Purchased Power,Total,1423.0
2018-10-01,Egypt,Total Generated & Purchased Power,Total,16666.0
2018-10-01,Egypt,Total Uses,Business,807.0
2018-10-01,Egypt,Total Uses,Household,5899.0
2018-10-01,Egypt,Total Uses,Industrial,3878.0
2018-10-01,Egypt,Total Uses,Other,3465.0
2018-10-01,Egypt,Total Uses,Total,14100.0
2018-11-01,Egypt,Generated  Power,Total,13513.0
2018-11-01,Egypt,Power Sold,Total,46.0
2018-11-01,Egypt,Purchased Power,Boot & International Electrical Interconnection Countries,792.0
2018-11-01,Egypt,Purchased Power,Industrial Companies,2.0
2018-11-01,Egypt,Purchased Power,New & Renewable ( Wind + Solar Energy ),230.0
2018-11-01,Egypt,Purchased Power,Total,1024.0
2018-11-01,Egypt,Total Generated & Purchased Power,Total,14537.0
2018-11-01,Egypt,Total Uses,Business,729.0
2018-11-01,Egypt,Total Uses,Household,5328.0
2018-11-01,Egypt,Total Uses,Industrial,3679.0
2018-11-01,Egypt,Total Uses,Other,3113.0
2018-11-01,Egypt,Total Uses,Total,12895.0
2018-12-01,Egypt,Generated  Power,Total,14050.0
2018-12-01,Egypt,Power Sold,Total,47.0
2018-12-01,Egypt,Purchased Power,Boot & International Electrical Interconnection Countries,590.0
2018-12-01,Egypt,Purchased Power,Industrial Companies,1.0
2018-12-01,Egypt,Purchased Power,New & Renewable ( Wind + Solar Energy ),238.0
2018-12-01,Egypt,Purchased Power,Total,829.0
2018-12-01,Egypt,Total Generated & Purchased Power,Total,14879.0
2018-12-01,Egypt,Total Uses,Business,667.0
2018-12-01,Egypt,Total Uses,Household,5021.0
2018-12-01,Egypt,Total Uses,Industrial,3771.0
2018-12-01,Egypt,Total Uses,Other,2956.0
2018-12-01,Egypt,Total Uses,Total,12462.0
2019-01-01,Egypt,Generated  Power,Total,13874.0
2019-01-01,Egypt,Power Sold,Total,44.0
2019-01-01,Egypt,Purchased Power,Boot & International Electrical Interconnection Countries,1021.0
2019-01-01,Egypt,Purchased Power,Industrial Companies,1.0
2019-01-01,Egypt,Purchased Power,New & Renewable ( Wind + Solar Energy ),187.0
2019-01-01,Egypt,Purchased Power,Total,1209.0
2019-01-01,Egypt,Total Generated & Purchased Power,Total,15083.0
2019-01-01,Egypt,Total Uses,Business,579.0
2019-01-01,Egypt,Total Uses,Household,4727.0
2019-01-01,Egypt,Total Uses,Industrial,3607.0
2019-01-01,Egypt,Total Uses,Other,2932.0
2019-01-01,Egypt,Total Uses,Total,11889.0
2019-02-01,Egypt,Generated  Power,Total,12528.0
2019-02-01,Egypt,Power Sold,Total,40.0
2019-02-01,Egypt,Purchased Power,Boot & International Electrical Interconnection Countries,862.0
2019-02-01,Egypt,Purchased Power,Industrial Companies,1.0
2019-02-01,Egypt,Purchased Power,New & Renewable ( Wind + Solar Energy ),231.0
2019-02-01,Egypt,Purchased Power,Total,1094.0
2019-02-01,Egypt,Total Generated & Purchased Power,Total,13622.0
2019-02-01,Egypt,Total Uses,Business,556.0
2019-02-01,Egypt,Total Uses,Household,4503.0
2019-02-01,Egypt,Total Uses,Industrial,3518.0
2019-02-01,Egypt,Total Uses,Other,2749.0
2019-02-01,Egypt,Total Uses,Total,11366.0
2019-03-01,Egypt,Generated  Power,Total,13795.0
2019-03-01,Egypt,Power Sold,Total,49.0
2019-03-01,Egypt,Purchased Power,Boot & International Electrical Interconnection Countries,833.0
2019-03-01,Egypt,Purchased Power,Industrial Companies,1.0
2019-03-01,Egypt,Purchased Power,New & Renewable ( Wind + Solar Energy ),351.0
2019-03-01,Egypt,Purchased Power,Total,1185.0
2019-03-01,Egypt,Total Generated & Purchased Power,Total,14980.0
2019-03-01,Egypt,Total Uses,Business,563.0
2019-03-01,Egypt,Total Uses,Household,4662.0
2019-03-01,Egypt,Total Uses,Industrial,3697.0
2019-03-01,Egypt,Total Uses,Other,2949.0
2019-03-01,Egypt,Total Uses,Total,11920.0
2019-04-01,Egypt,Generated  Power,Total,13505.0
2019-04-01,Egypt,Power Sold,Total,47.0
2019-04-01,Egypt,Purchased Power,Boot & International Electrical Interconnection Countries,778.0
2019-04-01,Egypt,Purchased Power,Industrial Companies,1.0
2019-04-01,Egypt,Purchased Power,New & Renewable ( Wind + Solar Energy ),437.0
2019-04-01,Egypt,Purchased Power,Total,1216.0
2019-04-01,Egypt,Total Generated & Purchased Power,Total,14721.0
2019-04-01,Egypt,Total Uses,Business,538.0
2019-04-01,Egypt,Total Uses,Household,4561.0
2019-04-01,Egypt,Total Uses,Industrial,3615.0
2019-04-01,Egypt,Total Uses,Other,3058.0
2019-04-01,Egypt,Total Uses,Total,11819.0
2019-05-01,Egypt,Generated  Power,Total,15993.0
2019-05-01,Egypt,Power Sold,Total,54.0
2019-05-01,Egypt,Purchased Power,Boot & International Electrical Interconnection Countries,1014.0
2019-05-01,Egypt,Purchased Power,Industrial Companies,1.0
2019-05-01,Egypt,Purchased Power,New & Renewable ( Wind + Solar Energy ),557.0
2019-05-01,Egypt,Purchased Power,Total,1572.0
2019-05-01,Egypt,Total Generated & Purchased Power,Total,17565.0
2019-05-01,Egypt,Total Uses,Business,564.0
2019-05-01,Egypt,Total Uses,Household,4729.0
2019-05-01,Egypt,Total Uses,Industrial,3701.0
2019-05-01,Egypt,Total Uses,Other,3402.0
2019-05-01,Egypt,Total Uses,Total,12450.0
2019-06-01,Egypt,Generated  Power,Total,16876.0
2019-06-01,Egypt,Power Sold,Total,79.0
2019-06-01,Egypt,Purchased Power,Boot & International Electrical Interconnection Countries,984.0
2019-06-01,Egypt,Purchased Power,Industrial Companies,1.0
2019-06-01,Egypt,Purchased Power,New & Renewable ( Wind + Solar Energy ),611.0
2019-06-01,Egypt,Purchased Power,Total,1596.0
2019-06-01,Egypt,Total Generated & Purchased Power,Total,18472.0
2019-06-01,Egypt,Total Uses,Business,578.0
2019-06-01,Egypt,Total Uses,Household,4849.0
2019-06-01,Egypt,Total Uses,Industrial,3720.0
2019-06-01,Egypt,Total Uses,Other,3444.0
2019-06-01,Egypt,Total Uses,Total,12670.0
2019-07-01,Egypt,Generated  Power,Total,18830.0
2019-07-01,Egypt,Power Sold,Total,55.0
2019-07-01,Egypt,Purchased Power,Boot & International Electrical Interconnection Countries,994.0
2019-07-01,Egypt,Purchased Power,Industrial Companies,2.0
2019-07-01,Egypt,Purchased Power,New & Renewable ( Wind + Solar Energy ),704.0
2019-07-01,Egypt,Purchased Power,Total,1700.0
2019-07-01,Egypt,Total Generated & Purchased Power,Total,20530.0
2019-07-01,Egypt,Total Uses,Business,612.0
2019-07-01,Egypt,Total Uses,Household,5353.0
2019-07-01,Egypt,Total Uses,Industrial,3603.0
2019-07-01,Egypt,Total Uses,Other,3668.0
2019-07-01,Egypt,Total Uses,Total,13291.0
2019-08-01,Egypt,Generated  Power,Total,18286.0
2019-08-01,Egypt,Power Sold,Total,50.0
2019-08-01,Egypt,Purchased Power,Boot & International Electrical Interconnection Countries,988.0
2019-08-01,Egypt,Purchased Power,Industrial Companies,2.0
2019-08-01,Egypt,Purchased Power,New & Renewable ( Wind + Solar Energy ),683.0
2019-08-01,Egypt,Purchased Power,Total,1673.0
2019-08-01,Egypt,Total Generated & Purchased Power,Total,19959.0
2019-08-01,Egypt,Total Uses,Business,704.0
2019-08-01,Egypt,Total Uses,Household,5826.0
2019-08-01,Egypt,Total Uses,Industrial,3528.0
2019-08-01,Egypt,Total Uses,Other,3800.0
2019-08-01,Egypt,Total Uses,Total,13908.0
2019-09-01,Egypt,Generated  Power,Total,16642.0
2019-09-01,Egypt,Power Sold,Total,47.0
2019-09-01,Egypt,Purchased Power,Boot & International Electrical Interconnection Countries,804.0
2019-09-01,Egypt,Purchased Power,Industrial Companies,1.0
2019-09-01,Egypt,Purchased Power,New & Renewable ( Wind + Solar Energy ),849.0
2019-09-01,Egypt,Purchased Power,Total,1654.0
2019-09-01,Egypt,Total Generated & Purchased Power,Total,18296.0
2019-09-01,Egypt,Total Uses,Business,738.0
2019-09-01,Egypt,Total Uses,Household,5866.0
2019-09-01,Egypt,Total Uses,Industrial,3450.0
2019-09-01,Egypt,Total Uses,Other,3729.0
2019-09-01,Egypt,Total Uses,Total,13830.0
2019-10-01,Egypt,Generated  Power,Total,15589.0
2019-10-01,Egypt,Power Sold,Total,67.0
2019-10-01,Egypt,Purchased Power,Boot & International Electrical Interconnection Countries,709.0
2019-10-01,Egypt,Purchased Power,Industrial Companies,2.0
2019-10-01,Egypt,Purchased Power,New & Renewable ( Wind + Solar Energy ),674.0
2019-10-01,Egypt,Purchased Power,Total,1385.0
2019-10-01,Egypt,Total Generated & Purchased Power,Total,16974.0
2019-10-01,Egypt,Total Uses,Business,777.0
2019-10-01,Egypt,Total Uses,Household,6183.0
2019-10-01,Egypt,Total Uses,Industrial,3497.0
2019-10-01,Egypt,Total Uses,Other,3540.0
2019-10-01,Egypt,Total Uses,Total,14064.0
2019-11-01,Egypt,Generated  Power,Total,13313.0
2019-11-01,Egypt,Power Sold,Total,45.0
2019-11-01,Egypt,Purchased Power,Boot & International Electrical Interconnection Countries,822.0
2019-11-01,Egypt,Purchased Power,Industrial Companies,2.0
2019-11-01,Egypt,Purchased Power,New & Renewable ( Wind + Solar Energy ),553.0
2019-11-01,Egypt,Purchased Power,Total,1377.0
2019-11-01,Egypt,Total Generated & Purchased Power,Total,14690.0
2019-11-01,Egypt,Total Uses,Business,727.0
2019-11-01,Egypt,Total Uses,Household,5468.0
2019-11-01,Egypt,Total Uses,Industrial,3464.0
2019-11-01,Egypt,Total Uses,Other,3219.0
2019-11-01,Egypt,Total Uses,Total,12923.0
2019-12-01,Egypt,Generated  Power,Total,13445.0
2019-12-01,Egypt,Power Sold,Total,57.0
2019-12-01,Egypt,Purchased Power,Boot & International Electrical Interconnection Countries,794.0
2019-12-01,Egypt,Purchased Power,Industrial Companies,1.0
2019-12-01,Egypt,Purchased Power,New & Renewable ( Wind + Solar Energy ),567.0
2019-12-01,Egypt,Purchased Power,Total,1362.0
2019-12-01,Egypt,Total Generated & Purchased Power,Total,14807.0
2019-12-01,Egypt,Total Uses,Business,627.0
2019-12-01,Egypt,Total Uses,Household,4944.0
2019-12-01,Egypt,Total Uses,Industrial,3469.0
2019-12-01,Egypt,Total Uses,Other,3021.0
2019-12-01,Egypt,Total Uses,Total,12118.0
2020-01-01,Egypt,Generated  Power,Total,13765.0
2020-01-01,Egypt,Power Sold,Total,90.0
2020-01-01,Egypt,Purchased Power,Boot & International Electrical Interconnection Countries,894.0
2020-01-01,Egypt,Purchased Power,Industrial Companies,1.0
2020-01-01,Egypt,Purchased Power,New & Renewable ( Wind + Solar Energy ),650.0
2020-01-01,Egypt,Purchased Power,Total,1545.0
2020-01-01,Egypt,Total Generated & Purchased Power,Total,15310.0
2020-01-01,Egypt,Total Uses,Business,541.0
2020-01-01,Egypt,Total Uses,Household,4759.0
2020-01-01,Egypt,Total Uses,Industrial,3609.0
2020-01-01,Egypt,Total Uses,Other,2746.0
2020-01-01,Egypt,Total Uses,Total,11745.0
2020-02-01,Egypt,Generated  Power,Total,12816.0
2020-02-01,Egypt,Power Sold,Total,47.0
2020-02-01,Egypt,Purchased Power,Boot & International Electrical Interconnection Countries,946.0
2020-02-01,Egypt,Purchased Power,Industrial Companies,2.0
2020-02-01,Egypt,Purchased Power,New & Renewable ( Wind + Solar Energy ),623.0
2020-02-01,Egypt,Purchased Power,Total,1571.0
2020-02-01,Egypt,Total Generated & Purchased Power,Total,14387.0
2020-02-01,Egypt,Total Uses,Business,522.0
2020-02-01,Egypt,Total Uses,Household,4678.0
2020-02-01,Egypt,Total Uses,Industrial,3674.0
2020-02-01,Egypt,Total Uses,Other,2702.0
2020-02-01,Egypt,Total Uses,Total,11623.0
2020-03-01,Egypt,Generated  Power,Total,12811.0
2020-03-01,Egypt,Power Sold,Total,53.0
2020-03-01,Egypt,Purchased Power,Boot & International Electrical Interconnection Countries,861.0
2020-03-01,Egypt,Purchased Power,Industrial Companies,2.0
2020-03-01,Egypt,Purchased Power,New & Renewable ( Wind + Solar Energy ),699.0
2020-03-01,Egypt,Purchased Power,Total,1562.0
2020-03-01,Egypt,Total Generated & Purchased Power,Total,14373.0
2020-03-01,Egypt,Total Uses,Business,492.0
2020-03-01,Egypt,Total Uses,Household,4658.0
2020-03-01,Egypt,Total Uses,Industrial,3373.0
2020-03-01,Egypt,Total Uses,Other,2674.0
2020-03-01,Egypt,Total Uses,Total,11250.0
2020-04-01,Egypt,Generated  Power,Total,12285.0
2020-04-01,Egypt,Power Sold,Total,67.0
2020-04-01,Egypt,Purchased Power,Boot & International Electrical Interconnection Countries,993.0
2020-04-01,Egypt,Purchased Power,Industrial Companies,2.0
2020-04-01,Egypt,Purchased Power,New & Renewable ( Wind + Solar Energy ),804.0
2020-04-01,Egypt,Purchased Power,Total,1799.0
2020-04-01,Egypt,Total Generated & Purchased Power,Total,14084.0
2020-04-01,Egypt,Total Uses,Business,426.0
2020-04-01,Egypt,Total Uses,Household,4293.0
2020-04-01,Egypt,Total Uses,Industrial,3148.0
2020-04-01,Egypt,Total Uses,Other,2639.0
2020-04-01,Egypt,Total Uses,Total,10573.0
2020-07-01,Egypt,Generated  Power,Total,17371.0
2020-07-01,Egypt,Power Sold,Total,176.0
2020-07-01,Egypt,Purchased Power,Boot & International Electrical Interconnection Countries,1053.0
2020-07-01,Egypt,Purchased Power,Industrial Companies,2.0
2020-07-01,Egypt,Purchased Power,New & Renewable ( Wind + Solar Energy ),1028.0
2020-07-01,Egypt,Purchased Power,Total,2083.0
2020-07-01,Egypt,Total Generated & Purchased Power,Total,19454.0
2020-07-01,Egypt,Total Uses,Business,486.0
2020-07-01,Egypt,Total Uses,Household,5447.0
2020-07-01,Egypt,Total Uses,Industrial,3164.0
2020-07-01,Egypt,Total Uses,Other,3382.0
2020-07-01,Egypt,Total Uses,Total,12655.0
2020-08-01,Egypt,Generated  Power,Total,18173.0
2020-08-01,Egypt,Power Sold,Total,192.0
2020-08-01,Egypt,Purchased Power,Boot & International Electrical Interconnection Countries,876.0
2020-08-01,Egypt,Purchased Power,Industrial Companies,2.0
2020-08-01,Egypt,Purchased Power,New & Renewable ( Wind + Solar Energy ),934.0
2020-08-01,Egypt,Purchased Power,Total,1812.0
2020-08-01,Egypt,Total Generated & Purchased Power,Total,19985.0
2020-08-01,Egypt,Total Uses,Business,594.0
2020-08-01,Egypt,Total Uses,Household,5770.0
2020-08-01,Egypt,Total Uses,Industrial,3419.0
2020-08-01,Egypt,Total Uses,Other,3535.0
2020-08-01,Egypt,Total Uses,Total,13510.0
2020-09-01,Egypt,Generated  Power,Total,17613.0
2020-09-01,Egypt,Power Sold,Total,191.0
2020-09-01,Egypt,Purchased Power,Boot & International Electrical Interconnection Countries,963.0
2020-09-01,Egypt,Purchased Power,Industrial Companies,2.0
2020-09-01,Egypt,Purchased Power,New & Renewable ( Wind + Solar Energy ),957.0
2020-09-01,Egypt,Purchased Power,Total,1922.0
2020-09-01,Egypt,Total Generated & Purchased Power,Total,19535.0
2020-09-01,Egypt,Total Uses,Business,666.0
2020-09-01,Egypt,Total Uses,Household,6114.0
2020-09-01,Egypt,Total Uses,Industrial,3413.0
2020-09-01,Egypt,Total Uses,Other,3738.0
2020-09-01,Egypt,Total Uses,Total,14122.0
2020-10-01,Egypt,Generated  Power,Total,16167.0
2020-10-01,Egypt,Power Sold,Total,185.0
2020-10-01,Egypt,Purchased Power,Boot & International Electrical Interconnection Countries,709.0
2020-10-01,Egypt,Purchased Power,Industrial Companies,2.0
2020-10-01,Egypt,Purchased Power,New & Renewable ( Wind + Solar Energy ),853.0
2020-10-01,Egypt,Purchased Power,Total,1564.0
2020-10-01,Egypt,Total Generated & Purchased Power,Total,17731.0
2020-10-01,Egypt,Total Uses,Business,719.0
2020-10-01,Egypt,Total Uses,Household,5995.0
2020-10-01,Egypt,Total Uses,Industrial,3552.0
2020-10-01,Egypt,Total Uses,Other,3692.0
2020-10-01,Egypt,Total Uses,Total,14143.0
2020-11-01,Egypt,Generated  Power,Total,13301.0
2020-11-01,Egypt,Power Sold,Total,154.0
2020-11-01,Egypt,Purchased Power,Boot & International Electrical Interconnection Countries,694.0
2020-11-01,Egypt,Purchased Power,Industrial Companies,2.0
2020-11-01,Egypt,Purchased Power,New & Renewable ( Wind + Solar Energy ),622.0
2020-11-01,Egypt,Purchased Power,Total,1318.0
2020-11-01,Egypt,Total Generated & Purchased Power,Total,14619.0
2020-11-01,Egypt,Total Uses,Business,720.0
2020-11-01,Egypt,Total Uses,Household,5516.0
2020-11-01,Egypt,Total Uses,Industrial,3436.0
2020-11-01,Egypt,Total Uses,Other,3161.0
2020-11-01,Egypt,Total Uses,Total,12987.0
2020-12-01,Egypt,Generated  Power,Total,13785.0
2020-12-01,Egypt,Power Sold,Total,189.0
2020-12-01,Egypt,Purchased Power,Boot & International Electrical Interconnection Countries,714.0
2020-12-01,Egypt,Purchased Power,Industrial Companies,2.0
2020-12-01,Egypt,Purchased Power,New & Renewable ( Wind + Solar Energy ),586.0
2020-12-01,Egypt,Purchased Power,Total,1302.0
2020-12-01,Egypt,Total Generated & Purchased Power,Total,15087.0
2020-12-01,Egypt,Total Uses,Business,606.0
2020-12-01,Egypt,Total Uses,Household,4962.0
2020-12-01,Egypt,Total Uses,Industrial,3552.0
2020-12-01,Egypt,Total Uses,Other,3059.0
2020-12-01,Egypt,Total Uses,Total,12368.0
2021-01-01,Egypt,Generated  Power,Total,13526.0
2021-01-01,Egypt,Power Sold,Total,159.0
2021-01-01,Egypt,Purchased Power,Boot & International Electrical Interconnection Countries,1007.0
2021-01-01,Egypt,Purchased Power,Industrial Companies,2.0
2021-01-01,Egypt,Purchased Power,New & Renewable ( Wind + Solar Energy ),631.0
2021-01-01,Egypt,Purchased Power,Total,1640.0
2021-01-01,Egypt,Total Generated & Purchased Power,Total,15166.0
2021-01-01,Egypt,Total Uses,Business,540.0
2021-01-01,Egypt,Total Uses,Household,4599.0
2021-01-01,Egypt,Total Uses,Industrial,3562.0
2021-01-01,Egypt,Total Uses,Other,3018.0
2021-01-01,Egypt,Total Uses,Total,11878.0
2021-02-01,Egypt,Generated  Power,Total,12386.0
2021-02-01,Egypt,Power Sold,Total,135.0
2021-02-01,Egypt,Purchased Power,Boot & International Electrical Interconnection Countries,889.0
2021-02-01,Egypt,Purchased Power,Industrial Companies,2.0
2021-02-01,Egypt,Purchased Power,New & Renewable ( Wind + Solar Energy ),681.0
2021-02-01,Egypt,Purchased Power,Total,1572.0
2021-02-01,Egypt,Total Generated & Purchased Power,Total,13958.0
2021-02-01,Egypt,Total Uses,Business,502.0
2021-02-01,Egypt,Total Uses,Household,4334.0
2021-02-01,Egypt,Total Uses,Industrial,3357.0
2021-02-01,Egypt,Total Uses,Other,2972.0
2021-02-01,Egypt,Total Uses,Total,11300.0
2021-03-01,Egypt,Generated  Power,Total,13925.0
2021-03-01,Egypt,Power Sold,Total,137.0
2021-03-01,Egypt,Purchased Power,Boot & International Electrical Interconnection Countries,843.0
2021-03-01,Egypt,Purchased Power,Industrial Companies,2.0
2021-03-01,Egypt,Purchased Power,New & Renewable ( Wind + Solar Energy ),925.0
2021-03-01,Egypt,Purchased Power,Total,1770.0
2021-03-01,Egypt,Total Generated & Purchased Power,Total,15695.0
2021-03-01,Egypt,Total Uses,Business,533.0
2021-03-01,Egypt,Total Uses,Household,4616.0
2021-03-01,Egypt,Total Uses,Industrial,3693.0
2021-03-01,Egypt,Total Uses,Other,3011.0
2021-03-01,Egypt,Total Uses,Total,11990.0
2021-04-01,Egypt,Generated  Power,Total,13925.0
2021-04-01,Egypt,Power Sold,Total,129.0
2021-04-01,Egypt,Purchased Power,Boot & International Electrical Interconnection Countries,925.0
2021-04-01,Egypt,Purchased Power,Industrial Companies,2.0
2021-04-01,Egypt,Purchased Power,New & Renewable ( Wind + Solar Energy ),904.0
2021-04-01,Egypt,Purchased Power,Total,1831.0
2021-04-01,Egypt,Total Generated & Purchased Power,Total,15756.0
2021-04-01,Egypt,Total Uses,Business,531.0
2021-04-01,Egypt,Total Uses,Household,4400.0
2021-04-01,Egypt,Total Uses,Industrial,3610.0
2021-04-01,Egypt,Total Uses,Other,3126.0
2021-04-01,Egypt,Total Uses,Total,11796.0
2021-06-01,Egypt,Generated  Power,Total,16860.0
2021-06-01,Egypt,Power Sold,Total,129.0
2021-06-01,Egypt,Purchased Power,Boot & International Electrical Interconnection Countries,928.0
2021-06-01,Egypt,Purchased Power,Industrial Companies,2.0
2021-06-01,Egypt,Purchased Power,New & Renewable ( Wind + Solar Energy ),1072.0
2021-06-01,Egypt,Purchased Power,Total,2002.0
2021-06-01,Egypt,Total Generated & Purchased Power,Total,18862.0
2021-06-01,Egypt,Total Uses,Business,756.0
2021-06-01,Egypt,Total Uses,Household,5788.0
2021-06-01,Egypt,Total Uses,Industrial,3745.0
2021-06-01,Egypt,Total Uses,Other,4136.0
2021-06-01,Egypt,Total Uses,Total,14554.0
2021-07-01,Egypt,Generated  Power,Total,18868.0
2021-07-01,Egypt,Power Sold,Total,219.0
2021-07-01,Egypt,Purchased Power,Boot & International Electrical Interconnection Countries,891.0
2021-07-01,Egypt,Purchased Power,Industrial Companies,2.0
2021-07-01,Egypt,Purchased Power,New & Renewable ( Wind + Solar Energy ),932.0
2021-07-01,Egypt,Purchased Power,Total,1825.0
2021-07-01,Egypt,Total Generated & Purchased Power,Total,20693.0
2021-07-01,Egypt,Total Uses,Business,717.0
2021-07-01,Egypt,Total Uses,Household,5631.0
2021-07-01,Egypt,Total Uses,Industrial,3671.0
2021-07-01,Egypt,Total Uses,Other,4253.0
2021-07-01,Egypt,Total Uses,Total,14491.0
2021-08-01,Egypt,Generated  Power,Total,20275.0
2021-08-01,Egypt,Power Sold,Total,246.0
2021-08-01,Egypt,Purchased Power,Boot & International Electrical Interconnection Countries,965.0
2021-08-01,Egypt,Purchased Power,Industrial Companies,1.0
2021-08-01,Egypt,Purchased Power,New & Renewable ( Wind + Solar Energy ),927.0
2021-08-01,Egypt,Purchased Power,Total,1893.0
2021-08-01,Egypt,Total Generated & Purchased Power,Total,22168.0
2021-08-01,Egypt,Total Uses,Business,816.0
2021-08-01,Egypt,Total Uses,Household,6135.0
2021-08-01,Egypt,Total Uses,Industrial,3781.0
2021-08-01,Egypt,Total Uses,Other,4241.0
2021-08-01,Egypt,Total Uses,Total,15219.0
2021-09-01,Egypt,Generated  Power,Total,17631.0
2021-09-01,Egypt,Power Sold,Total,162.0
2021-09-01,Egypt,Purchased Power,Boot & International Electrical Interconnection Countries,693.0
2021-09-01,Egypt,Purchased Power,Industrial Companies,2.0
2021-09-01,Egypt,Purchased Power,New & Renewable ( Wind + Solar Energy ),1102.0
2021-09-01,Egypt,Purchased Power,Total,1797.0
2021-09-01,Egypt,Total Generated & Purchased Power,Total,19428.0
2021-09-01,Egypt,Total Uses,Business,861.0
2021-09-01,Egypt,Total Uses,Household,6331.0
2021-09-01,Egypt,Total Uses,Industrial,3791.0
2021-09-01,Egypt,Total Uses,Other,4056.0
2021-09-01,Egypt,Total Uses,Total,15201.0
2021-10-01,Egypt,Generated  Power,Total,15524.0
2021-10-01,Egypt,Power Sold,Total,108.0
2021-10-01,Egypt,Purchased Power,Boot & International Electrical Interconnection Countries,688.0
2021-10-01,Egypt,Purchased Power,Industrial Companies,2.0
2021-10-01,Egypt,Purchased Power,New & Renewable ( Wind + Solar Energy ),1024.0
2021-10-01,Egypt,Purchased Power,Total,1714.0
2021-10-01,Egypt,Total Generated & Purchased Power,Total,17238.0
2021-10-01,Egypt,Total Uses,Business,817.0
2021-10-01,Egypt,Total Uses,Household,6074.0
2021-10-01,Egypt,Total Uses,Industrial,3962.0
2021-10-01,Egypt,Total Uses,Other,3765.0
2021-10-01,Egypt,Total Uses,Total,14726.0
2021-11-01,Egypt,Generated  Power,Total,14358.0
2021-11-01,Egypt,Power Sold,Total,100.0
2021-11-01,Egypt,Purchased Power,Boot & International Electrical Interconnection Countries,799.0
2021-11-01,Egypt,Purchased Power,Industrial Companies,2.0
2021-11-01,Egypt,Purchased Power,New & Renewable ( Wind + Solar Energy ),564.0
2021-11-01,Egypt,Purchased Power,Total,1365.0
2021-11-01,Egypt,Total Generated & Purchased Power,Total,15723.0
2021-11-01,Egypt,Total Uses,Business,744.0
2021-11-01,Egypt,Total Uses,Household,5229.0
2021-11-01,Egypt,Total Uses,Industrial,3871.0
2021-11-01,Egypt,Total Uses,Other,3554.0
2021-11-01,Egypt,Total Uses,Total,13498.0
2021-12-01,Egypt,Generated  Power,Total,14507.0
2021-12-01,Egypt,Power Sold,Total,125.0
2021-12-01,Egypt,Purchased Power,Boot & International Electrical Interconnection Countries,755.0
2021-12-01,Egypt,Purchased Power,Industrial Companies,2.0
2021-12-01,Egypt,Purchased Power,New & Renewable ( Wind + Solar Energy ),593.0
2021-12-01,Egypt,Purchased Power,Total,1350.0
2021-12-01,Egypt,Total Generated & Purchased Power,Total,15857.0
2021-12-01,Egypt,Total Uses,Business,637.0
2021-12-01,Egypt,Total Uses,Household,4661.0
2021-12-01,Egypt,Total Uses,Industrial,3965.0
2021-12-01,Egypt,Total Uses,Other,3633.0
2021-12-01,Egypt,Total Uses,Total,13021.0
2022-01-01,Egypt,Generated  Power,Total,14877.0
2022-01-01,Egypt,Power Sold,Total,197.0
2022-01-01,Egypt,Purchased Power,Boot & International Electrical Interconnection Countries,756.0
2022-01-01,Egypt,Purchased Power,Industrial Companies,2.0
2022-01-01,Egypt,Purchased Power,New & Renewable ( Wind + Solar Energy ),570.0
2022-01-01,Egypt,Purchased Power,Total,1328.0
2022-01-01,Egypt,Total Generated & Purchased Power,Total,16205.0
2022-01-01,Egypt,Total Uses,Business,596.0
2022-01-01,Egypt,Total Uses,Household,4606.0
2022-01-01,Egypt,Total Uses,Industrial,3886.0
2022-01-01,Egypt,Total Uses,Other,3403.0
2022-01-01,Egypt,Total Uses,Total,12688.0
2022-02-01,Egypt,Generated  Power,Total,13556.0
2022-02-01,Egypt,Power Sold,Total,174.0
2022-02-01,Egypt,Purchased Power,Boot & International Electrical Interconnection Countries,512.0
2022-02-01,Egypt,Purchased Power,Industrial Companies,2.0
2022-02-01,Egypt,Purchased Power,New & Renewable ( Wind + Solar Energy ),691.0
2022-02-01,Egypt,Purchased Power,Total,1205.0
2022-02-01,Egypt,Total Generated & Purchased Power,Total,14761.0
2022-02-01,Egypt,Total Uses,Business,531.0
2022-02-01,Egypt,Total Uses,Household,4447.0
2022-02-01,Egypt,Total Uses,Industrial,3653.0
2022-02-01,Egypt,Total Uses,Other,3236.0
2022-02-01,Egypt,Total Uses,Total,12041.0
2022-03-01,Egypt,Generated  Power,Total,14926.0
2022-03-01,Egypt,Power Sold,Total,139.0
2022-03-01,Egypt,Purchased Power,Boot & International Electrical Interconnection Countries,558.0
2022-03-01,Egypt,Purchased Power,Industrial Companies,2.0
2022-03-01,Egypt,Purchased Power,New & Renewable ( Wind + Solar Energy ),971.0
2022-03-01,Egypt,Purchased Power,Total,1531.0
2022-03-01,Egypt,Total Generated & Purchased Power,Total,16457.0
2022-03-01,Egypt,Total Uses,Business,543.0
2022-03-01,Egypt,Total Uses,Household,4708.0
2022-03-01,Egypt,Total Uses,Industrial,3934.0
2022-03-01,Egypt,Total Uses,Other,3367.0
2022-03-01,Egypt,Total Uses,Total,12691.0
2022-04-01,Egypt,Generated  Power,Total,15029.0
2022-04-01,Egypt,Power Sold,Total,119.0
2022-04-01,Egypt,Purchased Power,Boot & International Electrical Interconnection Countries,581.0
2022-04-01,Egypt,Purchased Power,Industrial Companies,2.0
2022-04-01,Egypt,Purchased Power,New & Renewable ( Wind + Solar Energy ),1005.0
2022-04-01,Egypt,Purchased Power,Total,1588.0
2022-04-01,Egypt,Total Generated & Purchased Power,Total,16617.0
2022-04-01,Egypt,Total Uses,Business,552.0
2022-04-01,Egypt,Total Uses,Household,4705.0
2022-04-01,Egypt,Total Uses,Industrial,3795.0
2022-04-01,Egypt,Total Uses,Other,3412.0
2022-04-01,Egypt,Total Uses,Total,12583.0
2022-05-01,Egypt,Generated  Power,Total,16067.0
2022-05-01,Egypt,Power Sold,Total,123.0
2022-05-01,Egypt,Purchased Power,Boot & International Electrical Interconnection Countries,615.0
2022-05-01,Egypt,Purchased Power,Industrial Companies,2.0
2022-05-01,Egypt,Purchased Power,New & Renewable ( Wind + Solar Energy ),1064.0
2022-05-01,Egypt,Purchased Power,Total,1681.0
2022-05-01,Egypt,Total Generated & Purchased Power,Total,17748.0
2022-05-01,Egypt,Total Uses,Business,593.0
2022-05-01,Egypt,Total Uses,Household,4843.0
2022-05-01,Egypt,Total Uses,Industrial,3745.0
2022-05-01,Egypt,Total Uses,Other,3725.0
2022-05-01,Egypt,Total Uses,Total,13029.0
2022-06-01,Egypt,Generated  Power,Total,18391.0
2022-06-01,Egypt,Power Sold,Total,118.0
2022-06-01,Egypt,Purchased Power,Boot & International Electrical Interconnection Countries,846.0
2022-06-01,Egypt,Purchased Power,Industrial Companies,2.0
2022-06-01,Egypt,Purchased Power,New & Renewable ( Wind + Solar Energy ),1048.0
2022-06-01,Egypt,Purchased Power,Total,1896.0
2022-06-01,Egypt,Total Generated & Purchased Power,Total,20287.0
2022-06-01,Egypt,Total Uses,Business,819.0
2022-06-01,Egypt,Total Uses,Household,5661.0
2022-06-01,Egypt,Total Uses,Industrial,3664.0
2022-06-01,Egypt,Total Uses,Other,4629.0
2022-06-01,Egypt,Total Uses,Total,14891.0
2022-07-01,Egypt,Generated  Power,Total,19603.0
2022-07-01,Egypt,Power Sold,Total,219.0
2022-07-01,Egypt,Purchased Power,Boot & International Electrical Interconnection Countries,830.0
2022-07-01,Egypt,Purchased Power,Industrial Companies,2.0
2022-07-01,Egypt,Purchased Power,New & Renewable ( Wind + Solar Energy ),1093.0
2022-07-01,Egypt,Purchased Power,Total,1925.0
2022-07-01,Egypt,Total Generated & Purchased Power,Total,21528.0
2022-07-01,Egypt,Total Uses,Business,787.0
2022-07-01,Egypt,Total Uses,Household,5632.0
2022-07-01,Egypt,Total Uses,Industrial,3786.0
2022-07-01,Egypt,Total Uses,Other,4493.0
2022-07-01,Egypt,Total Uses,Total,14917.0
2022-08-01,Egypt,Generated  Power,Total,20826.0
2022-08-01,Egypt,Power Sold,Total,215.0
2022-08-01,Egypt,Purchased Power,Boot & International Electrical Interconnection Countries,647.0
2022-08-01,Egypt,Purchased Power,Industrial Companies,1.0
2022-08-01,Egypt,Purchased Power,New & Renewable ( Wind + Solar Energy ),1040.0
2022-08-01,Egypt,Purchased Power,Total,1688.0
2022-08-01,Egypt,Total Generated & Purchased Power,Total,22514.0
2022-08-01,Egypt,Total Uses,Business,860.0
2022-08-01,Egypt,Total Uses,Household,6329.0
2022-08-01,Egypt,Total Uses,Industrial,3888.0
2022-08-01,Egypt,Total Uses,Other,4741.0
2022-08-01,Egypt,Total Uses,Total,16033.0
2022-09-01,Egypt,Generated  Power,Total,18847.0
2022-09-01,Egypt,Power Sold,Total,153.0
2022-09-01,Egypt,Purchased Power,Boot & International Electrical Interconnection Countries,480.0
2022-09-01,Egypt,Purchased Power,Industrial Companies,0.0
2022-09-01,Egypt,Purchased Power,New & Renewable ( Wind + Solar Energy ),981.0
2022-09-01,Egypt,Purchased Power,Total,1461.0
2022-09-01,Egypt,Total Generated & Purchased Power,Total,20308.0
2022-09-01,Egypt,Total Uses,Business,864.0
2022-09-01,Egypt,Total Uses,Household,6169.0
2022-09-01,Egypt,Total Uses,Industrial,3975.0
2022-09-01,Egypt,Total Uses,Other,4644.0
2022-09-01,Egypt,Total Uses,Total,15805.0
2022-10-01,Egypt,Generated  Power,Total,16608.0
2022-10-01,Egypt,Power Sold,Total,116.0
2022-10-01,Egypt,Purchased Power,Boot & International Electrical Interconnection Countries,574.0
2022-10-01,Egypt,Purchased Power,Industrial Companies,1.0
2022-10-01,Egypt,Purchased Power,New & Renewable ( Wind + Solar Energy ),923.0
2022-10-01,Egypt,Purchased Power,Total,1498.0
2022-10-01,Egypt,Total Generated & Purchased Power,Total,18106.0
2022-10-01,Egypt,Total Uses,Business,861.0
2022-10-01,Egypt,Total Uses,Household,6033.0
2022-10-01,Egypt,Total Uses,Industrial,4052.0
2022-10-01,Egypt,Total Uses,Other,4248.0
2022-10-01,Egypt,Total Uses,Total,15310.0
2022-11-01,Egypt,Generated  Power,Total,14396.0
2022-11-01,Egypt,Power Sold,Total,108.0
2022-11-01,Egypt,Purchased Power,Boot & International Electrical Interconnection Countries,606.0
2022-11-01,Egypt,Purchased Power,Industrial Companies,0.0
2022-11-01,Egypt,Purchased Power,New & Renewable ( Wind + Solar Energy ),681.0
2022-11-01,Egypt,Purchased Power,Total,1287.0
2022-11-01,Egypt,Total Generated & Purchased Power,Total,15683.0
2022-11-01,Egypt,Total Uses,Business,797.0
2022-11-01,Egypt,Total Uses,Household,5466.0
2022-11-01,Egypt,Total Uses,Industrial,3862.0
2022-11-01,Egypt,Total Uses,Other,3723.0
2022-11-01,Egypt,Total Uses,Total,13956.0
2022-12-01,Egypt,Generated  Power,Total,14733.0
2022-12-01,Egypt,Power Sold,Total,119.0
2022-12-01,Egypt,Purchased Power,Boot & International Electrical Interconnection Countries,372.0
2022-12-01,Egypt,Purchased Power,Industrial Companies,2.0
2022-12-01,Egypt,Purchased Power,New & Renewable ( Wind + Solar Energy ),724.0
2022-12-01,Egypt,Purchased Power,Total,1098.0
2022-12-01,Egypt,Total Generated & Purchased Power,Total,15831.0
2022-12-01,Egypt,Total Uses,Business,682.0
2022-12-01,Egypt,Total Uses,Household,4767.0
2022-12-01,Egypt,Total Uses,Industrial,3902.0
2022-12-01,Egypt,Total Uses,Other,3705.0
2022-12-01,Egypt,Total Uses,Total,13175.0
2023-01-01,Egypt,Generated  Power,Total,14938.0
2023-01-01,Egypt,Power Sold,Total,180.0
2023-01-01,Egypt,Purchased Power,Boot & International Electrical Interconnection Countries,474.0
2023-01-01,Egypt,Purchased Power,Industrial Companies,2.0
2023-01-01,Egypt,Purchased Power,New & Renewable ( Wind + Solar Energy ),652.0
2023-01-01,Egypt,Purchased Power,Total,1128.0
2023-01-01,Egypt,Total Generated & Purchased Power,Total,16066.0
2023-01-01,Egypt,Total Uses,Business,671.0
2023-01-01,Egypt,Total Uses,Household,4612.0
2023-01-01,Egypt,Total Uses,Industrial,3860.0
2023-01-01,Egypt,Total Uses,Other,3494.0
2023-01-01,Egypt,Total Uses,Total,12817.0
2023-02-01,Egypt,Generated  Power,Total,13959.0
2023-02-01,Egypt,Power Sold,Total,181.0
2023-02-01,Egypt,Purchased Power,Boot & International Electrical Interconnection Countries,133.0
2023-02-01,Egypt,Purchased Power,Industrial Companies,1.0
2023-02-01,Egypt,Purchased Power,New & Renewable ( Wind + Solar Energy ),872.0
2023-02-01,Egypt,Purchased Power,Total,1006.0
2023-02-01,Egypt,Total Generated & Purchased Power,Total,14965.0
2023-02-01,Egypt,Total Uses,Business,606.0
2023-02-01,Egypt,Total Uses,Household,4438.0
2023-02-01,Egypt,Total Uses,Industrial,3620.0
2023-02-01,Egypt,Total Uses,Other,3558.0
2023-02-01,Egypt,Total Uses,Total,12403.0
2023-03-01,Egypt,Generated  Power,Total,15713.0
2023-03-01,Egypt,Power Sold,Total,146.0
2023-03-01,Egypt,Purchased Power,Boot & International Electrical Interconnection Countries,194.0
2023-03-01,Egypt,Purchased Power,Industrial Companies,1.0
2023-03-01,Egypt,Purchased Power,New & Renewable ( Wind + Solar Energy ),764.0
2023-03-01,Egypt,Purchased Power,Total,959.0
2023-03-01,Egypt,Total Generated & Purchased Power,Total,16672.0
2023-03-01,Egypt,Total Uses,Business,638.0
2023-03-01,Egypt,Total Uses,Household,4674.0
2023-03-01,Egypt,Total Uses,Industrial,3843.0
2023-03-01,Egypt,Total Uses,Other,3957.0
2023-03-01,Egypt,Total Uses,Total,13258.0
2023-04-01,Egypt,Generated  Power,Total,14684.0
2023-04-01,Egypt,Power Sold,Total,118.0
2023-04-01,Egypt,Purchased Power,Boot & International Electrical Interconnection Countries,338.0
2023-04-01,Egypt,Purchased Power,Industrial Companies,1.0
2023-04-01,Egypt,Purchased Power,New & Renewable ( Wind + Solar Energy ),904.0
2023-04-01,Egypt,Purchased Power,Total,1243.0
2023-04-01,Egypt,Total Generated & Purchased Power,Total,15927.0
2023-04-01,Egypt,Total Uses,Business,628.0
2023-04-01,Egypt,Total Uses,Household,4647.0
2023-04-01,Egypt,Total Uses,Industrial,3660.0
2023-04-01,Egypt,Total Uses,Other,4039.0
2023-04-01,Egypt,Total Uses,Total,13092.0
2023-05-01,Egypt,Generated  Power,Total,17137.0
2023-05-01,Egypt,Power Sold,Total,143.0
2023-05-01,Egypt,Purchased Power,Boot & International Electrical Interconnection Countries,358.0
2023-05-01,Egypt,Purchased Power,Industrial Companies,1.0
2023-05-01,Egypt,Purchased Power,New & Renewable ( Wind + Solar Energy ),880.0
2023-05-01,Egypt,Purchased Power,Total,1239.0
2023-05-01,Egypt,Total Generated & Purchased Power,Total,18376.0
2023-05-01,Egypt,Total Uses,Business,725.0
2023-05-01,Egypt,Total Uses,Household,5099.0
2023-05-01,Egypt,Total Uses,Industrial,3898.0
2023-05-01,Egypt,Total Uses,Other,4369.0
2023-05-01,Egypt,Total Uses,Total,14234.0
2023-06-01,Egypt,Generated  Power,Total,18592.0
2023-06-01,Egypt,Power Sold,Total,188.0
2023-06-01,Egypt,Purchased Power,Boot & International Electrical Interconnection Countries,338.0
2023-06-01,Egypt,Purchased Power,Industrial Companies,1.0
2023-06-01,Egypt,Purchased Power,New & Renewable ( Wind + Solar Energy ),1089.0
2023-06-01,Egypt,Purchased Power,Total,1428.0
2023-06-01,Egypt,Total Generated & Purchased Power,Total,20020.0
2023-06-01,Egypt,Total Uses,Business,797.0
2023-06-01,Egypt,Total Uses,Household,5561.0
2023-06-01,Egypt,Total Uses,Industrial,3930.0
2023-06-01,Egypt,Total Uses,Other,4462.0
2023-06-01,Egypt,Total Uses,Total,14938.0
2023-07-01,Egypt,Generated  Power,Total,21600.0
2023-07-01,Egypt,Power Sold,Total,280.0
2023-07-01,Egypt,Purchased Power,Boot & International Electrical Interconnection Countries,90.0
2023-07-01,Egypt,Purchased Power,Industrial Companies,1.0
2023-07-01,Egypt,Purchased Power,New & Renewable ( Wind + Solar Energy ),1162.0
2023-07-01,Egypt,Purchased Power,Total,1253.0
2023-07-01,Egypt,Total Generated & Purchased Power,Total,22853.0
2023-07-01,Egypt,Total Uses,Business,860.0
2023-07-01,Egypt,Total Uses,Household,5926.0
2023-07-01,Egypt,Total Uses,Industrial,4092.0
2023-07-01,Egypt,Total Uses,Other,4873.0
2023-07-01,Egypt,Total Uses,Total,16031.0
2023-08-01,Egypt,Generated  Power,Total,21725.0
2023-08-01,Egypt,Power Sold,Total,226.0
2023-08-01,Egypt,Purchased Power,Boot & International Electrical Interconnection Countries,10.0
2023-08-01,Egypt,Purchased Power,Industrial Companies,1.0
2023-08-01,Egypt,Purchased Power,New & Renewable ( Wind + Solar Energy ),1163.0
2023-08-01,Egypt,Purchased Power,Total,1174.0
2023-08-01,Egypt,Total Generated & Purchased Power,Total,22899.0
2023-08-01,Egypt,Total Uses,Business,937.0
2023-08-01,Egypt,Total Uses,Household,6485.0
2023-08-01,Egypt,Total Uses,Industrial,4158.0
2023-08-01,Egypt,Total Uses,Other,4943.0
2023-08-01,Egypt,Total Uses,Total,16749.0
2023-09-01,Egypt,Generated  Power,Total,20234.0
2023-09-01,Egypt,Power Sold,Total,202.0
2023-09-01,Egypt,Purchased Power,Boot & International Electrical Interconnection Countries,10.0
2023-09-01,Egypt,Purchased Power,Industrial Companies,1.0
2023-09-01,Egypt,Purchased Power,International Electrical Interconnection Countries,10.0
2023-09-01,Egypt,Purchased Power,New & Renewable ( Wind + Solar Energy ),1040.0
2023-09-01,Egypt,Purchased Power,Surplus Of Industrial Companies,1.0
2023-09-01,Egypt,Purchased Power,Total,1051.0
2023-09-01,Egypt,Total Generated & Purchased Power,Total,21285.0
2023-09-01,Egypt,Total Uses,Business,985.0
2023-09-01,Egypt,Total Uses,Household,6500.0
2023-09-01,Egypt,Total Uses,Industrial,4131.0
2023-09-01,Egypt,Total Uses,Other,4984.0
2023-09-01,Egypt,Total Uses,Total,16802.0
2023-10-01,Egypt,Generated  Power,Total,18193.0
2023-10-01,Egypt,Power Sold,Total,185.0
2023-10-01,Egypt,Purchased Power,Boot & International Electrical Interconnection Countries,10.0
2023-10-01,Egypt,Purchased Power,Industrial Companies,1.0
2023-10-01,Egypt,Purchased Power,International Electrical Interconnection Countries,10.0
2023-10-01,Egypt,Purchased Power,New & Renewable ( Wind + Solar Energy ),932.0
2023-10-01,Egypt,Purchased Power,Surplus Of Industrial Companies,1.0
2023-10-01,Egypt,Purchased Power,Total,943.0
2023-10-01,Egypt,Total Generated & Purchased Power,Total,19136.0
2023-10-01,Egypt,Total Uses,Business,950.0
2023-10-01,Egypt,Total Uses,Household,6352.0
2023-10-01,Egypt,Total Uses,Industrial,4274.0
2023-10-01,Egypt,Total Uses,Other,4484.0
2023-10-01,Egypt,Total Uses,Total,16245.0
2023-11-01,Egypt,Generated  Power,Total,16145.0
2023-11-01,Egypt,Power Sold,Total,137.0
2023-11-01,Egypt,Purchased Power,Boot & International Electrical Interconnection Countries,4.0
2023-11-01,Egypt,Purchased Power,Industrial Companies,1.0
2023-11-01,Egypt,Purchased Power,International Electrical Interconnection Countries,4.0
2023-11-01,Egypt,Purchased Power,New & Renewable ( Wind + Solar Energy ),718.0
2023-11-01,Egypt,Purchased Power,Surplus Of Industrial Companies,1.0
2023-11-01,Egypt,Purchased Power,Total,723.0
2023-11-01,Egypt,Total Generated & Purchased Power,Total,16868.0
2023-11-01,Egypt,Total Uses,Business,834.0
2023-11-01,Egypt,Total Uses,Household,5526.0
2023-11-01,Egypt,Total Uses,Industrial,4094.0
2023-11-01,Egypt,Total Uses,Other,4257.0
2023-11-01,Egypt,Total Uses,Total,14848.0
2023-12-01,Egypt,Generated  Power,Total,15902.0
2023-12-01,Egypt,Power Sold,Total,163.0
2023-12-01,Egypt,Purchased Power,Boot & International Electrical Interconnection Countries,51.0
2023-12-01,Egypt,Purchased Power,Industrial Companies,1.0
2023-12-01,Egypt,Purchased Power,International Electrical Interconnection Countries,51.0
2023-12-01,Egypt,Purchased Power,New & Renewable ( Wind + Solar Energy ),636.0
2023-12-01,Egypt,Purchased Power,Surplus Of Industrial Companies,1.0
2023-12-01,Egypt,Purchased Power,Total,688.0
2023-12-01,Egypt,Total Generated & Purchased Power,Total,16590.0
2023-12-01,Egypt,Total Uses,Business,796.0
2023-12-01,Egypt,Total Uses,Household,4999.0
2023-12-01,Egypt,Total Uses,Industrial,3972.0
2023-12-01,Egypt,Total Uses,Other,3979.0
2023-12-01,Egypt,Total Uses,Total,13909.0
2024-01-01,Egypt,Generated  Power,Total,16084.0
2024-01-01,Egypt,Power Sold,Total,179.0
2024-01-01,Egypt,Purchased Power,Boot & International Electrical Interconnection Countries,4.0
2024-01-01,Egypt,Purchased Power,Industrial Companies,1.0
2024-01-01,Egypt,Purchased Power,International Electrical Interconnection Countries,4.0
2024-01-01,Egypt,Purchased Power,New & Renewable ( Wind + Solar Energy ),659.0
2024-01-01,Egypt,Purchased Power,Surplus Of Industrial Companies,1.0
2024-01-01,Egypt,Purchased Power,Total,664.0
2024-01-01,Egypt,Total Generated & Purchased Power,Total,16748.0
2024-01-01,Egypt,Total Uses,Business,712.0
2024-01-01,Egypt,Total Uses,Household,4656.0
2024-01-01,Egypt,Total Uses,Industrial,3994.0
2024-01-01,Egypt,Total Uses,Other,3914.0
2024-01-01,Egypt,Total Uses,Total,13455.0
2024-02-01,Egypt,Generated  Power,Total,15199.0
2024-02-01,Egypt,Power Sold,Total,149.0
2024-02-01,Egypt,Purchased Power,International Electrical Interconnection Countries,4.0
2024-02-01,Egypt,Purchased Power,New & Renewable ( Wind + Solar Energy ),770.0
2024-02-01,Egypt,Purchased Power,Surplus Of Industrial Companies,2.0
2024-02-01,Egypt,Purchased Power,Total,776.0
2024-02-01,Egypt,Total Generated & Purchased Power,Total,15975.0
2024-02-01,Egypt,Total Uses,Business,645.0
2024-02-01,Egypt,Total Uses,Household,4713.0
2024-02-01,Egypt,Total Uses,Industrial,3873.0
2024-02-01,Egypt,Total Uses,Other,3792.0
2024-02-01,Egypt,Total Uses,Total,13172.0
2024-03-01,Egypt,Generated  Power,Total,16490.0
2024-03-01,Egypt,Power Sold,Total,173.0
2024-03-01,Egypt,Purchased Power,International Electrical Interconnection Countries,5.0
2024-03-01,Egypt,Purchased Power,New & Renewable ( Wind + Solar Energy ),890.0
2024-03-01,Egypt,Purchased Power,Surplus Of Industrial Companies,2.0
2024-03-01,Egypt,Purchased Power,Total,897.0
2024-03-01,Egypt,Total Generated & Purchased Power,Total,17387.0
2024-03-01,Egypt,Total Uses,Business,669.0
2024-03-01,Egypt,Total Uses,Household,4879.0
2024-03-01,Egypt,Total Uses,Industrial,3994.0
2024-03-01,Egypt,Total Uses,Other,4115.0
2024-03-01,Egypt,Total Uses,Total,13830.0
2024-04-01,Egypt,Generated  Power,Total,16171.0
2024-04-01,Egypt,Power Sold,Total,149.0
2024-04-01,Egypt,Purchased Power,International Electrical Interconnection Countries,14.0
2024-04-01,Egypt,Purchased Power,New & Renewable ( Wind + Solar Energy ),1110.0
2024-04-01,Egypt,Purchased Power,Surplus Of Industrial Companies,2.0
2024-04-01,Egypt,Purchased Power,Total,1126.0
2024-04-01,Egypt,Total Generated & Purchased Power,Total,17297.0
2024-04-01,Egypt,Total Uses,Business,689.0
2024-04-01,Egypt,Total Uses,Household,4769.0
2024-04-01,Egypt,Total Uses,Industrial,3827.0
2024-04-01,Egypt,Total Uses,Other,4463.0
2024-04-01,Egypt,Total Uses,Total,13897.0
2024-05-01,Egypt,Generated  Power,Total,18650.0
2024-05-01,Egypt,Power Sold,Total,98.0
2024-05-01,Egypt,Purchased Power,International Electrical Interconnection Countries,13.0
2024-05-01,Egypt,Purchased Power,New & Renewable ( Wind + Solar Energy ),1168.0
2024-05-01,Egypt,Purchased Power,Surplus Of Industrial Companies,1.0
2024-05-01,Egypt,Purchased Power,Total,1182.0
2024-05-01,Egypt,Total Generated & Purchased Power,Total,19832.0
2024-05-01,Egypt,Total Uses,Business,776.0
2024-05-01,Egypt,Total Uses,Household,5508.0
2024-05-01,Egypt,Total Uses,Industrial,3938.0
2024-05-01,Egypt,Total Uses,Other,4715.0
2024-05-01,Egypt,Total Uses,Total,15035.0
2024-06-01,Egypt,Generated  Power,Total,20978.0
2024-06-01,Egypt,Power Sold,Total,87.0
2024-06-01,Egypt,Purchased Power,International Electrical Interconnection Countries,11.0
2024-06-01,Egypt,Purchased Power,New & Renewable ( Wind + Solar Energy ),1202.0
2024-06-01,Egypt,Purchased Power,Surplus Of Industrial Companies,1.0
2024-06-01,Egypt,Purchased Power,Total,1214.0
2024-06-01,Egypt,Total Generated & Purchased Power,Total,22192.0
2024-06-01,Egypt,Total Uses,Business,899.0
2024-06-01,Egypt,Total Uses,Household,6211.0
2024-06-01,Egypt,Total Uses,Industrial,3981.0
2024-06-01,Egypt,Total Uses,Other,4242.0
2024-06-01,Egypt,Total Uses,Total,15420.0
2024-07-01,Egypt,Generated  Power,Total,24352.0
2024-07-01,Egypt,Power Sold,Total,120.0
2024-07-01,Egypt,Purchased Power,International Electrical Interconnection Countries,13.0
2024-07-01,Egypt,Purchased Power,New & Renewable ( Wind + Solar Energy ),980.0
2024-07-01,Egypt,Purchased Power,Surplus Of Industrial Companies,1.0
2024-07-01,Egypt,Purchased Power,Total,994.0
2024-07-01,Egypt,Total Generated & Purchased Power,Total,25346.0
2024-07-01,Egypt,Total Uses,Business,1024.0
2024-07-01,Egypt,Total Uses,Household,6851.0
2024-07-01,Egypt,Total Uses,Industrial,4251.0
2024-07-01,Egypt,Total Uses,Other,5151.0
2024-07-01,Egypt,Total Uses,Total,17397.0
2024-09-01,Egypt,Generated  Power,Total,21488.0
2024-09-01,Egypt,Power Sold,Total,76.0
2024-09-01,Egypt,Purchased Power,International Electrical Interconnection Countries,11.0
2024-09-01,Egypt,Purchased Power,New & Renewable ( Wind + Solar Energy ),1132.0
2024-09-01,Egypt,Purchased Power,Surplus Of Industrial Companies,1.0
2024-09-01,Egypt,Purchased Power,Total,1144.0
2024-09-01,Egypt,Total Generated & Purchased Power,Total,22632.0
2024-09-01,Egypt,Total Uses,Business,1143.0
2024-09-01,Egypt,Total Uses,Household,7264.0
2024-09-01,Egypt,Total Uses,Industrial,4446.0
2024-09-01,Egypt,Total Uses,Other,5015.0
2024-09-01,Egypt,Total Uses,Total,18002.0
2024-10-01,Egypt,Generated  Power,Total,18189.0
2024-10-01,Egypt,Power Sold,Total,67.0
2024-10-01,Egypt,Purchased Power,International Electrical Interconnection Countries,93.0
2024-10-01,Egypt,Purchased Power,New & Renewable ( Wind + Solar Energy ),1242.0
2024-10-01,Egypt,Purchased Power,Surplus Of Industrial Companies,1.0
2024-10-01,Egypt,Purchased Power,Total,1336.0
2024-10-01,Egypt,Total Generated & Purchased Power,Total,19525.0
2024-10-01,Egypt,Total Uses,Business,1106.0
2024-10-01,Egypt,Total Uses,Household,6720.0
2024-10-01,Egypt,Total Uses,Industrial,4370.0
2024-10-01,Egypt,Total Uses,Other,4782.0
2024-10-01,Egypt,Total Uses,Total,17086.0
2024-11-01,Egypt,Generated  Power,Total,15735.0
2024-11-01,Egypt,Power Sold,Total,53.0
2024-11-01,Egypt,Purchased Power,International Electrical Interconnection Countries,179.0
2024-11-01,Egypt,Purchased Power,New & Renewable ( Wind + Solar Energy ),1196.0
2024-11-01,Egypt,Purchased Power,Surplus Of Industrial Companies,1.0
2024-11-01,Egypt,Purchased Power,Total,1376.0
2024-11-01,Egypt,Total Generated & Purchased Power,Total,17111.0
2024-11-01,Egypt,Total Uses,Business,903.0
2024-11-01,Egypt,Total Uses,Household,5672.0
2024-11-01,Egypt,Total Uses,Industrial,4175.0
2024-11-01,Egypt,Total Uses,Other,4261.0
2024-11-01,Egypt,Total Uses,Total,15120.0
2024-12-01,Egypt,Generated  Power,Total,16548.0
2024-12-01,Egypt,Power Sold,Total,53.0
2024-12-01,Egypt,Purchased Power,International Electrical Interconnection Countries,5.0
2024-12-01,Egypt,Purchased Power,New & Renewable ( Wind + Solar Energy ),931.0
2024-12-01,Egypt,Purchased Power,Surplus Of Industrial Companies,1.0
2024-12-01,Egypt,Purchased Power,Total,937.0
2024-12-01,Egypt,Total Generated & Purchased Power,Total,17485.0
2024-12-01,Egypt,Total Uses,Business,845.0
2024-12-01,Egypt,Total Uses,Household,5304.0
2024-12-01,Egypt,Total Uses,Industrial,4028.0
2024-12-01,Egypt,Total Uses,Other,4255.0
2024-12-01,Egypt,Total Uses,Total,14548.0
2025-01-01,Egypt,Generated  Power,Total,16689.0
2025-01-01,Egypt,Power Sold,Total,53.0
2025-01-01,Egypt,Purchased Power,International Electrical Interconnection Countries,4.0
2025-01-01,Egypt,Purchased Power,New & Renewable ( Wind + Solar Energy ),1120.0
2025-01-01,Egypt,Purchased Power,Surplus Of Industrial Companies,1.0
2025-01-01,Egypt,Purchased Power,Total,1125.0
2025-01-01,Egypt,Total Generated & Purchased Power,Total,17814.0
2025-01-01,Egypt,Total Uses,Business,787.0
2025-01-01,Egypt,Total Uses,Household,5140.0
2025-01-01,Egypt,Total Uses,Industrial,4234.0
2025-01-01,Egypt,Total Uses,Other,4075.0
2025-01-01,Egypt,Total Uses,Total,14373.0
2025-02-01,Egypt,Generated  Power,Total,15329.0
2025-02-01,Egypt,Power Sold,Total,54.0
2025-02-01,Egypt,Purchased Power,International Electrical Interconnection Countries,4.0
2025-02-01,Egypt,Purchased Power,New & Renewable ( Wind + Solar Energy ),1170.0
2025-02-01,Egypt,Purchased Power,Surplus Of Industrial Companies,1.0
2025-02-01,Egypt,Purchased Power,Total,1175.0
2025-02-01,Egypt,Total Generated & Purchased Power,Total,16504.0
2025-02-01,Egypt,Total Uses,Business,759.0
2025-02-01,Egypt,Total Uses,Household,4949.0
2025-02-01,Egypt,Total Uses,Industrial,4015.0
2025-02-01,Egypt,Total Uses,Other,3796.0
2025-02-01,Egypt,Total Uses,Total,13635.0
